course_name,consolidated_clo_text,num_sub_clos,sub_clo_codes,source_files
Administrasi Basisdata,"Mata kuliah ini membekali mahasiswa untuk mengelola administrasi basis data, termasuk membuat stored procedure dan function, serta mendeteksi dan menyelesaikan masalah performa melalui fine tuning.",3,CLO01a; CLO01b; CLO01c,ITS_SI_BRIN.xlsx
Adopsi Teknologi Informasi,"Membekali mahasiswa memahami konsep difusi inovasi, proses dan penentuan inovasi, kategorisasi adopter, atribut inovasi dan tingkat adopsinya, serta model-model difusi teknologi informasi, hingga mampu menganalisis tingkat adopsi dan strategi penerimaan teknologi pada studi kasus nyata.",8,CLO 1-1.1; CLO 1-1.2; CLO 1-1.3; CLO 1-1.4; CLO 2-2.1; CLO 2-2.2; CLO 3-3.1; CLO 3-3.2,TeluSurabaya.xlsx
Algoritma dan Pemrograman,"Mencakup pemahaman dasar pemrograman (flowchart, pseudocode, variabel, tipe data, type casting, input, operator, percabangan if-else dan switch case, perulangan for/while dan bersarang, function, array, debugging, exception) lintas bahasa pemrograman, kemampuan merancang dan mengimplementasikan algoritma sederhana, serta mengembangkan solusi sistem informasi dan menganalisis permasalahan bidang infokom dalam konteks enterprise/masyarakat.",17,CLO 1-SubCLO02; CLO 1-SubCLO03; CLO 1-SubCLO04; CLO 1-SubCLO05; CLO 1-SubCLO06; CLO 1-SubCLO07; CLO 1-SubCLO08; CLO 1-SubCLO09; CLO 1-SubCLO10; CLO 1-SubCLO11; CLO 1-SubCLO12; CLO 1-SubCLO13; CLO 2-SubCLO01; CLO 3-SubCLO01; CLO-02; CLO-04; CLO-08,Dataset_CLO_OBE_SI_TelUJakarta.xlsx; TeluSurabaya.xlsx
Algoritma dan Struktur Data,"Mahasiswa mampu menilai kompleksitas algoritma, mengidentifikasi bug melalui debugging dan pengujian, mendesain solusi dengan pendekatan pemrograman berorientasi objek, memahami tipe struktur data abstrak dan algoritma pengelolaan data jamak, serta mengimplementasikan solusi tersebut.",5,CLO01a; CLO01b; CLO01c; CLO01d; CLO01e,ITS_SI_BRIN.xlsx
Analisis dan Perancangan Sistem Informasi,"Mahasiswa mampu mengidentifikasi kebutuhan sistem informasi dalam konteks enterprise/masyarakat, membedakan fungsi diagram pemodelan objek, mengidentifikasi masalah/studi kasus perancangan sistem, bekerja sama dalam tim, mengimplementasikan pemodelan objek ke permasalahan nyata, membuat perancangan sistem informasi menuju data-driven organization, serta menerapkan sikap adaptif dan menggunakan teknik/perangkat pengembangan aplikasi dalam kasus nyata.",9,CLO 1; CLO 1-SUBCLO-01; CLO 2-SUBCLO-02; CLO 3-SUBCLO-03; CLO 4-SUBCLO-04; CLO-01; CLO-02; CLO-03; CLO-04,Dataset_CLO_OBE_SI_TelUJakarta.xlsx; TeluSurabaya.xlsx
Analitika Data dan Diagnostik,"Memahami posisi Data Science dan jenjang data analytics, menghasilkan informasi melalui peringkasan dan visualisasi data, mengimplementasikan konsep statistika dan visualisasi untuk deskripsi data, serta mengimplementasikan AI/data mining/machine learning untuk diagnostic analytics.",4,CLO01a; CLO01b; CLO01c; CLO01d,ITS_SI_BRIN.xlsx
Arsitektur Enterprise,"Mahasiswa mampu menganalisis kebutuhan arsitektur enterprise organisasi, menggunakan teknik dan kakas penyusunan arsitektur, merancang arsitektur enterprise berdasarkan framework dan bahasa pemodelan terstandardisasi sesuai kebutuhan dan justifikasi yang tepat, memodelkan kebutuhan infokom, serta mengusulkan perbaikan arsitektur/pengelolaan sistem informasi untuk mendukung tujuan organisasi.",8,CLO 1-SubCLO01; CLO 2-SubCLO02; CLO 3-SubCLO03; CLO 3-SubCLO03; CLO 3-SubCLO04; CLO-05; CLO-05; CLO-06,Dataset_CLO_OBE_SI_TelUJakarta.xlsx; TeluSurabaya.xlsx
Arsitektur dan Pengembangan Backend,"Menjelaskan jenis arsitektur backend, konsep web service/REST/microservice serta format response (JSON, XML), mengembangkan web service komprehensif termasuk fitur CRUD, autentikasi dan token, menggunakan kakas terkini sebagai bahasa dasar pemrograman backend, serta melakukan deployment dan evaluasi sistem backend yang telah dikembangkan.",9,CLO 1-1; CLO 1-2; CLO 2-2; CLO 2-3; CLO 2-5; CLO 3-1; CLO 3-3; CLO 3-4; CLO 3-5,TeluSurabaya.xlsx
Bahasa Indonesia,"Mahasiswa mampu menggunakan kata baku, istilah dan ejaan yang benar untuk menyusun kalimat dan paragraf ilmiah, merumuskan topik hingga menyusun kerangka dan draf karya tulis ilmiah sesuai konvensi penulisan, serta menyusun, merevisi, dan mempresentasikan karya ilmiah dengan bahasa yang baik dan benar.",3,CLO 1; CLO 2; CLO 3,TeluSurabaya.xlsx
Bahasa Inggris,"Mahasiswa mampu menulis dan menyampaikan secara lisan kalimat sederhana hingga kompleks dalam berbagai bentuk tense (present, present continuous, present perfect, past) untuk menyajikan fakta menarik seputar keahlian, kreasi teknologi, peran sistem informasi, serta pengalaman kerja dalam konteks presentasi maupun wawancara.",4,CLO 1; CLO 2; CLO 3; CLO 4,TeluSurabaya.xlsx
Capstone Design & Project,"Mahasiswa mampu mengumpulkan data dan menganalisis permasalahan, mengidentifikasi alternatif solusi dan menyusun proposal proyek komprehensif, merancang dan mengimplementasikan solusi sistem sesuai body of knowledge dan standar keteknikan, memverifikasi dan memvalidasi hasil rancangan, memanfaatkan teknologi informasi dalam penyelesaian masalah, bekerja sama dalam tim multidisiplin, mengomunikasikan hasil proyek secara lisan/tertulis, serta merencanakan, menyelesaikan, dan mengevaluasi tugas secara mandiri dalam batasan yang ada.",13,CLO 1-CLO1.1; CLO 1-CLO1.2; CLO 2-CLO 2.1; CLO 2-CLO 2.2; CLO 2-CLO 2.3; CLO 2-CLO 2.4; CLO 3-CLO 3.1; CLO 4-CLO 4.1; CLO 5-CLO 5.1; CLO 6-CLO 6.1; CLO 6-CLO 6.2; CLO 7; CLO 8,TeluSurabaya.xlsx
Data Lakehouse,"Mahasiswa mampu merancang dan membangun data warehouse, data lake, serta data lakehouse.",3,CLO01a; CLO01b; CLO01c,ITS_SI_BRIN.xlsx
Data Warehouse & Business Intelligence,"Mahasiswa mampu memodelkan kebutuhan infokom dalam konteks enterprise/masyarakat, membuat perancangan sistem informasi menuju data-driven organization, mengembangkan solusi berbasis sistem informasi dengan metodologi yang tepat, serta menggunakan metode dan perangkat lunak terkini untuk solusi di bidang data.",4,CLO 1; CLO 2; CLO 3; CLO 4,TeluSurabaya.xlsx
Data Warehouse dan Business Intelligence,"Mahasiswa mampu membuat perancangan sistem informasi menuju data-driven organization, menggunakan metode dan perangkat lunak terkini untuk solusi di bidang data, mengembangkan solusi sistem informasi dengan metodologi yang tepat, memodelkan kebutuhan infokom dalam konteks enterprise/masyarakat, serta memahami konsep dasar bidang infokom dalam disiplin ilmu sistem informasi.",5,CLO-01; CLO-01; CLO-02; CLO-05; CLO-08,Dataset_CLO_OBE_SI_TelUJakarta.xlsx
Desain Pengalaman Pengguna,"Memahami konsep dan metodologi studi pengguna serta perancangan pengalaman pengguna, menerapkan teknik memahami ruang masalah pengguna, menggali ide rancangan, merancang prototipe dan ruang solusi, serta mengevaluasi hasil rancangan.",6,CLO01a; CLO01b; CLO01c; CLO01d; CLO01e; CLO01f,ITS_SI_BRIN.xlsx
Desain dan Manajemen Jaringan Komputer,"Memahami konsep arsitektur dan infrastruktur jaringan perusahaan, menyusun desain jaringan komputer, serta merancang jaringan komputer sesuai kebutuhan pengguna.",3,CLO01; CLO02; CLO03,ITS_SI_BRIN.xlsx
Design Thinking,"Mahasiswa mampu menganalisis peluang model bisnis digital, menyusun kebutuhan sumber daya dan mengembangkan rencana bisnis digital, mengomunikasikan ide bisnis kepada stakeholder, menguraikan dan mempraktikkan design thinking (termasuk studi praktik startup) untuk menghasilkan ide dan produk baru, serta memecahkan masalah di sekitar melalui proses design thinking.",8,CLO 1-1; CLO 1-2; CLO 2-1; CLO 3-1; CLO01a; CLO01b; CLO01c; CLO01d,ITS_SI_BRIN.xlsx; TeluSurabaya.xlsx
Etika Profesi,"Memahami etika dan prinsip etika di bidang Teknologi Informasi, etika sebagai profesional TI, kode etik penggunaan teknologi informasi dan data, menganalisis dampak teknologi digital di masyarakat, serta menjelaskan etika penggunaan TI dalam konteks organisasi dan masyarakat.",5,CLO 1-SubCLO1; CLO 1-SubCLO2; CLO 2-SubCLO3; CLO 2-SubCLO4; CLO 2-SubCLO5,TeluSurabaya.xlsx
Etika Teknologi Informasi,"Memahami kode etik profesional pengguna TI, permasalahan hukum akibat penggunaan TI, serta menganalisis fenomena penggunaan TI dari aspek etika, moral, dan hukum.",3,CLO01a; CLO01b; CLO01c,ITS_SI_BRIN.xlsx
Forensika Digital,"Memahami potensi ancaman data dan solusi pengamanannya, membangun keamanan data dan infrastruktur sistem, melaporkan proses pengembangan keamanan sistem, serta menerapkan identifikasi dan preservasi bukti elektronik.",4,CLO01a; CLO01b; CLO01c; CLO01d,ITS_SI_BRIN.xlsx
Grafik Pengetahuan,"Memahami konsep knowledge graph dan algoritma graph untuk analisis data, serta mendemonstrasikan pemodelan data dalam bentuk graph dan penggunaan algoritma graph.",4,CLO01a; CLO01b; CLO01c; CLO01d,ITS_SI_BRIN.xlsx
Implementasi Arsitektur Enterprise,"Mampu menganalisis permasalahan infokom dalam konteks enterprise/masyarakat, menggunakan teknik/metode/perangkat lunak terkini untuk solusi pengelolaan fungsi dan bisnis organisasi, serta menyusun perencanaan sistem informasi menggunakan ilmu dan praktik yang relevan.",3,CLO 1; CLO 2; CLO 3,TeluSurabaya.xlsx
Infrastruktur TI,"Memahami dasar sistem komputer, perangkat keras, perangkat lunak dasar, dan dasar jaringan komputer, serta menerapkan infrastruktur TI untuk kebutuhan bisnis organisasi.",5,CLO01a; CLO01b; CLO01c; CLO01d; CLO01e,ITS_SI_BRIN.xlsx
Integrasi Aplikasi Enterprise,"Mengidentifikasi kebutuhan integrasi aplikasi enterprise, mengimplementasikan teknologi integrasi yang sesuai kebutuhan sistem informasi enterprise, menggunakan kakas/teknologi terbaru untuk solusi integrasi yang efektif, mengidentifikasi kebutuhan sistem informasi dalam konteks enterprise/masyarakat, serta menggunakan metode/perangkat lunak dalam konteks penelitian atau proyek nyata.",5,CLO 1-01; CLO 2-02; CLO 2-03; CLO-03; CLO-03,Dataset_CLO_OBE_SI_TelUJakarta.xlsx; TeluSurabaya.xlsx
Internalisasi Budaya dan Pembentukan Karakter,"Memahami nilai-nilai inti karakter mahasiswa berlandaskan budaya Telkom University dan ketahanan diri dalam penerapan karakter HEI, serta mengaplikasikan karakter tersebut di lingkungan kampus melalui penguatan kampus hijau.",3,CLO 1; CLO 2; CLO 3,TeluSurabaya.xlsx
Jaringan Komputer,"Memahami dasar komunikasi, ketersediaan, keterpercayaan dan keamanan jaringan komputer, menerapkan pengalamatan dan konfigurasi perangkat jaringan, merancang jaringan komputer institusi, menggunakan teknik/perangkat infrastruktur TI organisasi, memahami konsep dasar infokom, serta menerapkan perspektif disiplin lain dalam analisis permasalahan infokom.",6,CLO 1-SubCLO01; CLO 2-SubCLO02; CLO 3-SubCLO03; CLO-02; CLO-08; CLO-09,Dataset_CLO_OBE_SI_TelUJakarta.xlsx; TeluSurabaya.xlsx
Keamanan Sistem Informasi,"Menggunakan teknik/metode/perangkat lunak terkini untuk solusi sistem informasi (baik praktikum maupun kasus nyata) dan solusi di bidang data, menggunakan teknik/perangkat infrastruktur TI organisasi, mengidentifikasi kebutuhan sistem informasi dalam konteks enterprise/masyarakat, serta memahami konsep dasar bidang infokom.",6,CLO 1; CLO 2; CLO-01; CLO-02; CLO-03; CLO-08,Dataset_CLO_OBE_SI_TelUJakarta.xlsx; TeluSurabaya.xlsx
Kecerdasan Artifisial dan Penerapannya,"Memahami konsep sistem berbasis kecerdasan, gambaran umum dan contoh aplikasi AI terkini, berbagai algoritma pembelajaran mesin (linear, klasifikasi, clustering) dan penerapannya di sistem informasi, konsep AI untuk pengambilan keputusan, analisis dan prediksi data, jaringan syaraf tiruan dan arsitekturnya, reinforcement learning dan optimal control beserta library-nya, hingga mampu membangun aplikasi sederhana dan software project/deployment berbasis AI.",13,CLO 1; CLO 1; CLO 2; CLO 2; CLO 3; CLO 3; CLO 3; CLO 3; CLO 3; CLO 4; CLO 4; CLO 5; CLO 5,TeluSurabaya.xlsx
Kepemimpinan dan Komunikasi Interpersonal,"Mampu beradaptasi dengan lingkungan baru, bekerja sama dalam tim baik sebagai pemimpin maupun anggota, menyusun dan mengomunikasikan ide/pemikiran dalam berbagai media, serta menyajikan alternatif solusi rancangan dan membuat keputusan berdasarkan berpikir kreatif.",4,CLO 1; CLO 2; CLO 3; CLO 4,TeluSurabaya.xlsx
Kerja Praktek dan Pengabdian Masyarakat,"Mahasiswa mampu menunjukkan etos kerja yang baik dan profesional, merencanakan penyelesaian tugas serta bekerja efektif secara mandiri maupun dalam tim organisasi, mengomunikasikan hasil pekerjaan secara lisan dan tertulis dalam bentuk laporan terstruktur, serta mengidentifikasi dan memformulasikan masalah berbasis data sebagai pengetahuan baru selama kerja praktek.",4,CLO 1-1; CLO 2-1; CLO 3-1; CLO 4-1,TeluSurabaya.xlsx
Kewirausahaan,"Menjelaskan pengertian kewirausahaan, inovasi, kreativitas dan pengembangan ide, merancang business plan beserta marketing mix, aspek operasional dan finansialnya, melakukan negosiasi pendanaan dengan investor, serta menerapkan dan mengembangkan business plan untuk menghasilkan keuntungan.",8,CLO 1; CLO 1; CLO 2; CLO 2; CLO 2; CLO 2; CLO 2; CLO 3,TeluSurabaya.xlsx
Komputasi Awan,"Memahami konsep utama, teknologi, kekuatan dan keterbatasan komputasi awan, mengidentifikasi arsitektur/infrastruktur dan model penerapan cloud, menganalisis masalah inti komputasi awan (infrastruktur, layanan, keamanan), serta mengidentifikasi solusi dan rekomendasi berdasarkan hasil analisis dan evaluasi.",4,CLO 1; CLO 2; CLO 3; CLO 4,TeluSurabaya.xlsx
Komputasi Lunak,"Memahami konsep komputasi lunak dan optimasi, beberapa metode komputasi lunak, jenis algoritma berbasis evolusi, serta aplikasi komputasi lunak untuk kasus nyata.",4,CLO01a; CLO01b; CLO01c; CLO01d,ITS_SI_BRIN.xlsx
Logika dan Struktur Diskrit,"Menjelaskan dan menerapkan konsep dasar logika (proposisi, premis, kesimpulan, inferensi) dan pembuktian teorema, konsep struktur diskrit (teori bilangan, himpunan, induksi, rekursi), metode counting serta representasi relasi dan graf, dan menerapkan logika/struktur diskrit untuk memecahkan masalah komputasional.",5,CLO01a; CLO01b; CLO01c; CLO01d; CLO01e,ITS_SI_BRIN.xlsx
Manajemen Data Enterprise,"Memahami prinsip infokom (komputasi, matematika, statistika, TIK, desain), konsep dasar tata kelola dan manajemen data serta best practice-nya, melakukan asesmen dan analisis kesenjangan implementasi tata kelola data, serta merancang solusi personil/proses/teknologi tata kelola data dan merekomendasikan prioritas implementasinya.",5,CLO 1; CLO 1-SUB CLO 1-1; CLO 1-SUB CLO 1-2; CLO 3-SUB CLO 3-1; CLO 5-SUB CLO 5-1,TeluSurabaya.xlsx
Manajemen Hubungan Pelanggan,"Memahami konsep rekayasa dan manajemen hubungan pelanggan (CRM), menjabarkan teori dan isu terbaru CRM, merencanakan diseminasi teori CRM ke masyarakat, serta menilai dan mempraktikkan perbaikan program CRM.",4,CLO01a; CLO01b; CLO01c; CLO01d,ITS_SI_BRIN.xlsx
Manajemen Investasi TI,"Memahami konsep investasi TI dan analisis kebutuhan, model akuisisi serta metode finansial/ekonomi, menerapkan metode multi kriteria untuk investasi TI, serta menganalisis kelayakan untuk memilih alternatif terbaik.",4,CLO01a; CLO01b; CLO01c; CLO01d,ITS_SI_BRIN.xlsx
Manajemen Layanan TI,"Menjelaskan konsep-konsep penting manajemen layanan TI, model-model utama (SVS, SVC, ITIL), serta 34 practices manajemen layanan TI.",3,CLO01a; CLO01b; CLO01c,ITS_SI_BRIN.xlsx
Manajemen Perubahan Organisasi,"Memahami konsep kepemimpinan dan gaya kepemimpinan serta strategi pengembangannya, konsep, tipe, dan model manajemen perubahan, serta menerapkan model manajemen perubahan dalam studi kasus.",4,CLO01a; CLO01b; CLO01c; CLO01d,ITS_SI_BRIN.xlsx
Manajemen Proses Bisnis,"Mengklasifikasikan proses bisnis organisasi, menemukan dan menggambarkan proses AS-IS, menganalisis proses secara kualitatif dan kuantitatif, merancang ulang proses bisnis, serta mendemonstrasikan eksekusi model proses di atas perangkat lunak BPM.",5,CLO01a; CLO01b; CLO01c; CLO01d; CLO01e,ITS_SI_BRIN.xlsx
Manajemen Proyek Sistem Informasi,"Mahasiswa mampu berinisiatif dan bertanggung jawab menyelesaikan tugas dalam tim, menulis dokumen profesional, menggunakan metode/perangkat lunak dalam konteks penelitian atau proyek nyata, memahami prinsip manajemen sistem informasi dalam organisasi, serta menyusun perencanaan sistem informasi menggunakan ilmu dan praktik yang relevan.",6,CLO 1; CLO 2; CLO 3; CLO 4; CLO 5; CLO-02,Dataset_CLO_OBE_SI_TelUJakarta.xlsx; TeluSurabaya.xlsx
Manajemen Proyek Tangkas,"Menunjukkan filosofi dan prinsip agile, mengemukakan siklus hidup proyek agile dan konfigurasi alternatifnya, mengoperasikan teknik agile beserta manfaat dan keterbatasannya, serta mengimplementasikan pengelolaan proyek agile (perencanaan, eksekusi, kontrol).",4,CLO01a; CLO01b; CLO01c; CLO01d,ITS_SI_BRIN.xlsx
Manajemen Rantai Pasok,"Menjelaskan prinsip dasar operasi dan manajemen rantai pasok, strategi dan proses rantai pasok modern, procurement dan distribusi barang/jasa serta tren rantai pasok global, melakukan demand forecasting dan analisis inventory, merencanakan sales dan kapasitas sumber daya produksi, melakukan procurement dan reporting dengan perangkat lunak manajemen rantai pasok, serta memecahkan masalah proses bisnis umum (persediaan, logistik) dan mengusulkan solusi TI untuk supply chain nyata.",14,CLO 1; CLO 1-sub-CLO01; CLO 1-sub-CLO02; CLO 1-sub-CLO03; CLO 2-sub-CLO01; CLO 2-sub-CLO02; CLO 2-sub-CLO03; CLO 2-sub-CLO04; CLO 3-sub-CLO01; CLO 3-sub-CLO02; CLO01a; CLO01b; CLO01c; CLO01d,ITS_SI_BRIN.xlsx; TeluSurabaya.xlsx
Manajemen Risiko TI,"Memahami ketidakpastian bisnis dan kerentanan data/informasi, mengelola risiko TI untuk keberlangsungan bisnis, serta mengelola sistem informasi yang aman dan akuntabel.",3,CLO01a; CLO01b; CLO01c,ITS_SI_BRIN.xlsx
Manajemen Sumber Daya Manusia,"Mengidentifikasi peran manajemen SDM, menganalisis elemen alur kerja/spesifikasi kerja/struktur organisasi, menjelaskan proses perencanaan SDM, seleksi dan rekrutmen personil, pelatihan dan pengembangan karyawan, pengukuran kinerja dan kompensasi karyawan, tren dan komposisi SDM dalam sistem perusahaan, proses pemberhentian/regenerasi/retirement pegawai, hingga menyusun, mengaplikasikan, dan mengevaluasi kualifikasi karyawan, personnel infotype, manajemen waktu/penjadwalan, dan proses rekrutmen/onboarding menggunakan sistem enterprise terintegrasi.",14,CLO 1-1.1; CLO 1-1.2; CLO 2-2.1; CLO 2-2.2; CLO 2-2.3; CLO 2-2.4; CLO 3-3.1; CLO 3-3.2; CLO 3-3.3; CLO 3-3.4; CLO 4-4.1; CLO 4-4.2; CLO 5-5.1; CLO 5-5.3,TeluSurabaya.xlsx
Matematika Diskrit,"Membedakan proposisi atomik dan majemuk menggunakan tabel kebenaran, menyimpulkan kesahihan argumen melalui prinsip implikasi/biimplikasi, menjelaskan teori dan hukum himpunan, definisi dan prinsip matriks/relasi/fungsi, menerapkan prinsip permutasi/kombinasi/pigeon hole/peluang diskrit, serta menerapkan prinsip graf dan tree untuk menyelesaikan masalah pemodelan jaringan dan masalah tertentu.",7,CLO 1-SubCLO-1.1; CLO 1-SubCLO-1.2; CLO 1-SubCLO-1.3; CLO 1-SubCLO-1.4; CLO 1-SubCLO-1.5; CLO 2-3; CLO 2-4,TeluSurabaya.xlsx
Matematika untuk Sistem Informasi,"Menerapkan sifat himpunan bilangan real untuk pertidaksamaan dan fungsi, memahami konsep turunan dan integral dalam optimasi pemodelan sistem informasi, serta menerapkan konsep matriks dan vektor dalam permasalahan sistem informasi.",3,CLO 1-SubCLO1; CLO 1-SubCLO2; CLO 6-SubCLO3,TeluSurabaya.xlsx
Metode Penelitian Dan Penyusunan Karya Ilmiah,"Mahasiswa mampu mengetahui dan menentukan lingkup penelitian tugas akhir bidang Sistem Informasi, membuat mindmap literatur, mengidentifikasi permasalahan dan batasan solusi TA, membandingkan dan mengklasifikasikan literatur pendukung, menulis laporan/proposal TA sesuai template dan aturan sitasi, memahami struktur makalah dan mekanisme publikasi ilmiah, menggunakan bahasa Inggris untuk referensi TA, serta menentukan metode yang sesuai untuk pembuatan produk TA beserta cara evaluasinya.",18,CLO 1-PLO01-CLO03.1; CLO 1-PLO01-CLO03.3; CLO 1-PLO01-CLO03.5; CLO 1-PLO01-CLO03.6; CLO 1-PLO01-CLO03.8; CLO 1-PLO01-CLO03.8; CLO 2-PLO01-CLO04.1; CLO 2-PLO01-CLO04.4; CLO 2-PLO01-CLO04.4; CLO 3-PLO05-CLO02.1; CLO 3-PLO05-CLO02.1; CLO 3-PLO05-CLO02.2; CLO 3-PLO05-CLO02.2; CLO 3-PLO05-CLO02.3; CLO 3-PLO05-CLO02.5; CLO 4-PLO08-CLO03.2; CLO 4-PLO08-CLO03.4; CLO 4-PLO08-CLO03.4,TeluSurabaya.xlsx
Monitoring dan Evaluasi Organisasi TI,"Memahami konsep dasar monitoring dan evaluasi, desain hasil monitoring dan evaluasi, mengemukakan indikator serta data monitoring dan evaluasi, serta menguraikan rencana monitoring dan evaluasi.",4,CLO01a; CLO01b; CLO01c; CLO01d,ITS_SI_BRIN.xlsx
Organisasi dan Fungsional Bisnis,"Memahami organisasi sebagai system of flows, design parameter, contingency factors, dan structural configurations dalam desain organisasi, serta menganalisis dan merekomendasikan perbaikan pada organisasi bisnis kontemporer.",6,CLO01a; CLO01b; CLO01c; CLO01d; CLO01e; CLO01f,ITS_SI_BRIN.xlsx
Pancasila,"Menjelaskan urgensi Pancasila dalam kajian sejarah, menganalisis Pancasila sebagai dasar negara dan ideologi negara, serta menganalisis Pancasila sebagai sistem filsafat, sistem etika, dan dasar nilai pengembangan ilmu.",7,CLO 1; CLO 1; CLO 2; CLO 3; CLO 3; CLO 3; CLO 3,TeluSurabaya.xlsx
Pelatihan dan Sertifikasi,"Mahasiswa mampu menyusun dan menyelenggarakan pelatihan terkait sertifikasi bidang peminatan, memahami pentingnya sertifikasi dan jenis-jenis sertifikasi IT/IS sesuai bidang peminatan, menganalisis kesempatan dan tantangan karir era industri 4.0, serta melaksanakan sertifikasi kompetensi dan lulus uji kompetensi sesuai bidang peminatan.",5,CLO 1-PLO05-CLO03.1; CLO 2-PLO07-CLO01.1; CLO 2-PLO07-CLO01.2; CLO 2-PLO07-CLO01.3; CLO 2-PLO07-CLO02.1,TeluSurabaya.xlsx
Pemerintahan Elektronik dan Kota Cerdas,"Memahami konsep dan antar domain smart city, memberikan kontribusi keilmuan sistem informasi untuk implementasi di lingkungan pemerintah, menerapkan dan merekayasa solusi untuk smart city, serta memberikan solusi inovasi dan gagasan untuk smart city.",4,CLO 1-1; CLO 1-2; CLO 3-1; CLO 4-1,TeluSurabaya.xlsx
Pemodelan Proses Bisnis,"Mengaplikasikan komunikasi efektif untuk menggali kebutuhan dan menyampaikan hasil pekerjaan, memahami penerapan proses bisnis pada berbagai tingkat organisasi, membuat model proses bisnis tingkat dasar dan lanjut menggunakan teknik dan kakas pemodelan, menyampaikan ide dan argumen secara persuasif, menganalisis prinsip manajemen sistem informasi untuk strategi bisnis, serta memodelkan penyelenggaraan sistem informasi dan menghasilkan solusi pengelolaan fungsi bisnis dalam kasus nyata.",9,CLO 1-1.1.; CLO 1-1.2.; CLO 2-2.1.; CLO 4-4.1.; CLO 5-5.1.; CLO-01; CLO-02; CLO-04; CLO-05,Dataset_CLO_OBE_SI_TelUJakarta.xlsx; TeluSurabaya.xlsx
Pemodelan Sistem Kognitif,"Memahami dasar-dasar cognitive computing dan implementasi soft computing sebagai engine, menelaah peran AI/ML/IoT dalam cognitive computing, memahami representasi pengetahuan dan manifestasinya, serta memahami peran NLP dan expert system dalam sistem kognitif.",5,CLO01a; CLO01b; CLO01c; CLO01d; CLO01e,ITS_SI_BRIN.xlsx
Pemodelan dan Analitika Prediktif,"Menginterpretasikan karakteristik data deret waktu dan teknik peramalan, memproyeksikan masa depan dengan teknik peramalan yang robust, menggunakan teknik data mining untuk prediksi data numerikal dan kategorikal, menggunakan machine/deep learning untuk klasifikasi, serta berperan sebagai data scientist dalam mengomunikasikan temuan.",5,CLO01a; CLO01b; CLO01c; CLO01d; CLO01e,ITS_SI_BRIN.xlsx
Pemodelan dan Analitika Preskriptif,"Memahami permasalahan dan kompleksitas optimasi kombinatorik, menentukan dan menerapkan algoritma heuristik yang tepat, serta menganalisis performa algoritma heuristik tersebut.",5,CLO01a; CLO01b; CLO01c; CLO01d; CLO01e,ITS_SI_BRIN.xlsx
Pemrograman Berorientasi Objek,"Menjelaskan konsep dasar OOP (sintaks dasar, enkapsulasi, inheritance, polimorfisme, abstraksi, penanganan eksepsi) dalam Java, menerapkan prinsip OOP untuk merancang dan mengimplementasikan kelas dan objek, mengimplementasikan solusi sistem informasi dengan metodologi yang tepat, merancang dan mendokumentasikan aplikasi Java secara kolaboratif, serta memahami konsep dasar bidang infokom.",6,CLO 1-1; CLO 2-2; CLO-01; CLO-03; CLO-03; CLO-08,Dataset_CLO_OBE_SI_TelUJakarta.xlsx; TeluSurabaya.xlsx
Pemrograman Dasar,"Menjelaskan konsep variabel dan tipe data dalam Java, menerapkan input/output, percabangan, dan perulangan, menerapkan array, membuat class/method/object dalam Java, menerapkan exception handling, serta membuat program Java untuk masalah komputasional dasar.",6,CLO.AD.2-1; CLO.AD.2-2; CLO.AD.2-3; CLO.AD.2-4; CLO.AD.2-5; CLO.AD.2-6,ITS_SI_BRIN.xlsx
Pemrograman Web,"Memahami arsitektur layanan berbasis web dan teknologi pembuatan aplikasi web, menganalisis berbagai MVC framework, membangun aplikasi web dengan framework, serta mendemonstrasikan proses dan hasil pembangunan aplikasi web.",5,CLO01a; CLO01b; CLO01c; CLO01d; CLO01e,ITS_SI_BRIN.xlsx
Penambangan Data,"Mahasiswa mampu melakukan eksplorasi data, menerapkan metode statistika dan berbagai metodologi dalam pemodelan data mining, menginterpretasikan statistika deskriptif dan visualisasi data, menjelaskan konsep dasar dan ruang lingkup data mining, membuat pemodelan data yang menghasilkan informasi untuk pengambilan keputusan, mengaplikasikan tahapan data preprocessing pada data riil, mengembangkan dashboard visualisasi hasil pemodelan, serta menggunakan metode data mining dan Python/R untuk solusi di bidang data pada kasus nyata.",13,CLO 1-1; CLO 1-2; CLO 1-3; CLO 2-1; CLO 2-2; CLO 3-1; CLO 3-2; CLO 3-3; CLO 4-1; CLO-01; CLO-02; CLO-05; CLO-07,Dataset_CLO_OBE_SI_TelUJakarta.xlsx; TeluSurabaya.xlsx
Pengantar Ekonomi dan Bisnis,"Menjelaskan gagasan besar teori dan praktik ekonomi modern, perniagaan, perdagangan, dan manajemen, menguraikan strategi bisnis utama pebisnis terkemuka, serta menggali pola pikir ekonom besar untuk menyederhanakan konsep sulit.",4,CLO01a; CLO01b; CLO01c; CLO01d,ITS_SI_BRIN.xlsx
Pengantar Sistem Informasi,"Menjelaskan peran sistem dan teknologi informasi dalam konteks individu, bisnis, maupun organisasi, menganalisis nilai dan risiko penggunaannya, memodelkan penyelenggaraan sistem informasi dalam organisasi, serta menjelaskan peran profesi sistem informasi dalam pembangunan berkelanjutan.",4,CLO-01; CLO-02; CLO-04; CLO-12,Dataset_CLO_OBE_SI_TelUJakarta.xlsx
Pengantar Teknologi Elektro dan Informatika Cerdas,"Memahami definisi dan komponen sistem informasi serta perannya dalam bisnis, membedakan jenis-jenis SI dengan contoh aplikatif dalam organisasi/bisnis, menjelaskan tren dan teknologi terkini dalam sistem informasi, serta mengonsepkan sistem informasi yang berguna bagi masyarakat.",5,CLO01a; CLO01b; CLO01c; CLO01d; CLO01e,ITS_SI_BRIN.xlsx
Pengantaran Sistem Informasi,"Menjelaskan profesi dalam bidang sistem informasi dan menganalisisnya, menjelaskan sistem dan teknologi informasi yang berkembang serta penyesuaian terhadapnya, serta menjelaskan nilai dan risiko dari data/informasi/knowledge dalam konteks bisnis atau organisasi.",4,CLO 1-2; CLO 2-1; CLO 2-4; CLO 3-3,TeluSurabaya.xlsx
Pengembangan Aplikasi Bergerak,"Memahami konsep dan tren pengembangan aplikasi mobile, membuat aplikasi mobile sederhana (helloworld) hingga solusi terintegrasi, merancang dan membangun tampilan (frontend) sesuai kaidah user experience, merancang layanan web service/backend untuk aplikasi mobile, serta membuat aplikasi mobile dengan fungsi penyimpanan data lokal maupun cloud.",7,CLO 1-01; CLO 1-02; CLO 1-02; CLO 2-01; CLO 3-01; CLO 3-02; CLO 3-03,TeluSurabaya.xlsx
Pengembangan Aplikasi Website,"Menerapkan HTML, CSS, dan Bootstrap untuk membangun halaman website, membangun solusi aplikasi web berdasarkan studi kasus, menggunakan pemrograman server-side dan mengintegrasikannya dengan database, menerapkan konsep MVC pada framework web, menggunakan alat kolaborasi kode, serta mengimplementasikan solusi sistem informasi dan menggunakan teknik/perangkat pengembangan aplikasi dalam kasus nyata.",7,CLO 1-01; CLO 1-02; CLO 2-01; CLO 2-02; CLO 2-03; CLO-03; CLO-04,Dataset_CLO_OBE_SI_TelUJakarta.xlsx; TeluSurabaya.xlsx
Pengembangan Sistem Cerdas,"Memahami konsep dasar sistem cerdas, menganalisis permasalahan infokom kompleks dalam konteks enterprise/masyarakat, memahami teknik dasar sistem cerdas untuk klasifikasi (Decision Tree, Neural Network), merancang arsitektur dan menerapkan teknik sistem cerdas pada studi kasus spesifik berbasis project based learning, merancang dan mengevaluasi solusi berbasis sistem informasi menuju data-driven organization, serta menggunakan metode/teknik/perangkat terkini untuk solusi sistem informasi baik praktikum maupun kasus nyata.",8,CLO-1; CLO-1; CLO-1; CLO-3; CLO-4; CLO-4; CLO-4; CLO-5,Dataset_CLO_OBE_SI_TelUJakarta.xlsx
Pengembangan Sistem dan Operasi,"Memahami DevOps dan kasus bisnisnya, mengkaji dan mengembangkan ide inovatif TI, serta menggali kebutuhan dan merancang integrasi sistem.",3,CLO01; CLO01 (2); CLO01 (3),ITS_SI_BRIN.xlsx
Pengembangan UI Lanjut,"Memahami konsep dasar UI/UX dan UX design thinking process, melakukan user research dan mensintesis hasilnya, melakukan ideation dan brainstorming solusi, menerapkan component/variant properties, autolayout, design system, dan variable pada rancangan di Figma, memahami konsep high-fidelity prototype dan interface prototyping, melakukan usability testing pada prototype beserta sintesis hasilnya, serta mengomunikasikan hasil perancangan interaksi dalam sebuah forum.",14,CLO 1-1; CLO 1-2; CLO 1-3; CLO 2-1; CLO 2-2; CLO 3-1; CLO 3-2; CLO 3-3; CLO 3-4; CLO 3-5; CLO 3-6; CLO 4-1; CLO 4-2; CLO 5-1,TeluSurabaya.xlsx
Pengolahan Bahasa Alami,"Memahami dasar konseptual pengolahan bahasa alami, merancang skema encoding bahasa alami, menerapkan pemodelan bahasa sederhana, mengidentifikasi teknik prapemrosesan bahasa, menerapkan teknik analisis data teks, menerapkan langkah pembuatan dataset bahasa alami, serta membuat, mengevaluasi, dan merekomendasikan model NLP.",7,CLO01a; CLO01b; CLO01c; CLO01d; CLO01e; CLO01f; CLO01g,ITS_SI_BRIN.xlsx
Pengujian dan Implementasi Sistem,"Membedakan pengujian fungsional dan non-fungsional serta menerapkannya dalam studi kasus, memahami pentingnya pemeliharaan sistem dan metode evaluasi pascaimplementasi, memahami konsep dasar implementasi dan pengujian sistem serta siklus hidup pengembangan sistem, membedakan model implementasi sistem beserta keunggulan dan kelemahannya, memahami jenis dokumentasi dan praktik terbaiknya, menerapkan berbagai metode pengujian dalam proyek nyata, mengidentifikasi jenis dan teknik pengujian perangkat lunak, serta memahami proses audit sistem informasi dan compliance terhadap standar industri.",8,CLO 1-2; CLO 1-3; CLO 2-1; CLO 2-2; CLO 3-1; CLO 3-2; CLO 4-1; CLO 4-3,TeluSurabaya.xlsx
Perancangan & Pengembangan Perangkat Lunak,"Menguraikan konsep OOAD dan diagram UML, menerapkan analisis dan perancangan dengan Iconic process, menganalisis konsep konstruksi perangkat lunak, menguji perangkat lunak hingga level unit, serta membangun perangkat lunak skala kecil-menengah.",5,CLO01a; CLO01b; CLO01c; CLO01d; CLO01e,ITS_SI_BRIN.xlsx
Perancangan Interaksi,"Menjelaskan dasar dan prinsip perancangan interaksi serta style interaksi, mengidentifikasi permasalahan dan mendefinisikan kebutuhan sistem, menerapkan proses, prinsip, dan style interaksi (termasuk menggunakan tools Figma) dalam perancangan, menguji produk dengan metode usability testing, serta mengomunikasikan hasil perancangan interaksi dalam sebuah forum.",10,CLO 1-1; CLO 1-2; CLO 2-1; CLO 3-1; CLO 3-2; CLO 3-3; CLO 3-4; CLO 4-1; CLO 5-1; CLO-3,Dataset_CLO_OBE_SI_TelUJakarta.xlsx; TeluSurabaya.xlsx
Perencanaan Strategis SI/TI,"Menjelaskan konsep TI sebagai aset strategis, membangun perencanaan strategis organisasi (SWOT, BSC), menganalisis strategi TI dengan berbagai metode, serta merancang enterprise architecture menggunakan TOGAF.",4,CLO01; CLO02; CLO03; CLO04,ITS_SI_BRIN.xlsx
Probabilistik dan Statistika untuk TI,"Memahami terminologi, konsep dasar dan kegunaan statistika, metode pengumpulan data kuantitatif, merumuskan hipotesa dan menarik inferensi data sesuai skala data, menyusun dan mengimplementasikan instrumen pengumpulan data, serta memahami probabilitas, distribusi random variable, dan inferential statistics untuk data numerikal maupun kategorikal.",6,CLO01a; CLO01b; CLO01c; CLO01d; CLO01e; CLO01f,ITS_SI_BRIN.xlsx
Probabilitas dan Statistik,"Menghitung, menyajikan, dan menginterpretasikan data sistem informasi menggunakan teknik statistika deskriptif, memahami dan menerapkan konsep probabilitas dalam analisis dan pengambilan keputusan berbasis data, serta memahami dan menerapkan distribusi probabilitas univariate (diskrit dan kontinu) termasuk distribusi normal dan Teorema Limit Pusat dalam pemodelan dan pengambilan keputusan berbasis data.",3,CLO 1-Sub CLO-01; CLO 1-Sub CLO-02; CLO 2-Sub CLO-03,TeluSurabaya.xlsx
Proteksi Aset Informasi,"Memahami pengetahuan keamanan informasi, mengemukakan metode proteksi fisik dan teknikal aset informasi, serta menganalisis dan menerapkan perencanaan security.",3,CLO01a; CLO01b; CLO01c,ITS_SI_BRIN.xlsx
Proyek Perangkat Lunak,"Menjelaskan hubungan antara perangkat lunak dan teknik pengembangannya, aktivitas rekayasa kebutuhan dan implementasi PL, filosofi dan pengelolaan proyek berbasis Agile dengan framework SCRUM (karakteristik, proses, aktivitas, artifak, product envisioning), teknologi kolaborasi tim virtual, melakukan estimasi product backlog dan berkolaborasi menghasilkan produk perangkat lunak sesuai rencana sprint, merumuskan dan menjalankan langkah-langkah pada tiap sprint, menganalisis dan mengevaluasi permasalahan serta solusi berbasis sistem informasi dalam konteks enterprise/masyarakat, serta bekerja kolaboratif, proaktif dan berkomunikasi efektif dalam konteks profesional.",22,CLO 1-2; CLO 1-3; CLO 1-5; CLO 1-7; CLO 2-1; CLO 2-2; CLO 2-3; CLO 2-7; CLO 2-9; CLO 3-1; CLO 3-3; CLO 3-5; CLO 4-2; CLO 4-4; CLO-1; CLO-1; CLO-1; CLO-2; CLO-3; CLO-3; CLO-4; CLO-5,Dataset_CLO_OBE_SI_TelUJakarta.xlsx; TeluSurabaya.xlsx
Rekayasa Kebutuhan Perangkat Lunak,"Memahami definisi dan pentingnya rekayasa kebutuhan perangkat lunak, konsep/model/peran dalam prosesnya, konsep elisitasi dan teknik penggalian kebutuhan, teknik analisis/validasi/dokumentasi kebutuhan (SKPL/SRS), serta memahami fenomena perubahan kebutuhan perangkat lunak yang dinamis.",5,CLO01a; CLO01b; CLO01c; CLO01d; CLO01e,ITS_SI_BRIN.xlsx
Rekayasa Proses Bisnis,"Menganalisis permasalahan infokom kompleks dalam konteks enterprise/masyarakat, mendefinisikan dan memodelkan kebutuhan dengan menerapkan ilmu komputasi/TIK dan disiplin lain yang relevan, berkomunikasi efektif secara lisan maupun tulisan, menggunakan teknik/metode/perangkat lunak terkini untuk solusi pengelolaan fungsi dan bisnis organisasi, serta mengusulkan perbaikan arsitektur/pengelolaan sistem informasi untuk mendukung tujuan organisasi dan strategi bisnisnya.",8,CLO-1; CLO-1; CLO-1; CLO-2; CLO-3; CLO-4; CLO-4; CLO-4,Dataset_CLO_OBE_SI_TelUJakarta.xlsx
Riset Operasi,"Mendefinisikan dan memodelkan permasalahan optimasi, menyelesaikan model dengan metode grafis maupun simpleks, menemukan informasi tambahan dari solusi optimal (analisa post-optimal/sensitivitas), serta menyelesaikan model pemrograman integer dan model khusus (transportasi, penugasan).",5,CLO01a; CLO01b; CLO01c; CLO01d; CLO01e,ITS_SI_BRIN.xlsx
SI Capstone,"Mempraktikkan manajemen proyek tangkas serta perencanaan dan pengembangan perangkat lunak, mengimplementasikan pembelajaran berbasis proyek di lingkungan nyata, serta mendemonstrasikan hasil implementasi proyek.",4,CLO01a; CLO01b; CLO01c; CLO01d,ITS_SI_BRIN.xlsx
Sistem Basis Data,"Mengidentifikasi kebutuhan sistem informasi dalam konteks enterprise/masyarakat, merancang dan mengimplementasikan sistem manajemen data (basis data konseptual, logikal, dan fisik) mulai dari tahapan daur hidup pengembangan hingga arsitekturnya, menjelaskan konsep NoSQL, menspesifikasikan definisi/query/manipulasi data relasional, menggunakan perkakas dan metode/perangkat lunak terkini untuk solusi di bidang data, serta memahami konsep dasar bidang infokom.",15,CLO 1-1; CLO 1-1; CLO 2-2; CLO 2-3; CLO 3-4; CLO 4-5; CLO-01; CLO-01; CLO-03; CLO-08; CLO01a; CLO01b; CLO01c; CLO01d; CLO01e,Dataset_CLO_OBE_SI_TelUJakarta.xlsx; ITS_SI_BRIN.xlsx; TeluSurabaya.xlsx
Sistem Data-Intensif,"Memahami metrik dan komponen sistem data-intensif, serta merancang dan membangun sistem berbasis polyglot persistence.",3,CLO01a; CLO01b; CLO01c,ITS_SI_BRIN.xlsx
Sistem Enterprise,"Mengutarakan proses bisnis fungsi sales-distribusi dan produksi perusahaan, menggunakan software ERP pada tahap awal dan sertifikasi, membedakan dan menjelaskan konsep integrasi sistem dan hubungannya dengan ERP serta sistem informasi pendukung proses bisnis, mengemukakan proses akuntansi/keuangan/HR perusahaan, mengidentifikasi fungsi dan proses bisnis serta pemanfaatan sistem enterprise, memahami prinsip dan fungsi manajemen sistem informasi untuk strategi bisnis, serta merencanakan dan mempraktikkan integrasi proses bisnis dengan ERP open source maupun proprietary.",12,CLO 1-Sub-CLO02; CLO 1-Sub-CLO04; CLO 2-Sub-CLO01; CLO 2-Sub-CLO01; CLO 2-Sub-CLO03; CLO 2-Sub-CLO05; CLO-1; CLO-2; CLO01a; CLO01b; CLO01c; CLO01d,Dataset_CLO_OBE_SI_TelUJakarta.xlsx; ITS_SI_BRIN.xlsx; TeluSurabaya.xlsx
Sistem Informasi Akuntansi,"Menganalisis prinsip dan fungsi manajemen sistem informasi untuk strategi bisnis, memodelkan kebutuhan infokom dalam konteks enterprise/masyarakat, menggunakan kakas pengelolaan sistem informasi perusahaan berbasis ERP, serta memahami konsep dasar bidang infokom.",4,CLO-02; CLO-05; CLO-06; CLO-08,Dataset_CLO_OBE_SI_TelUJakarta.xlsx
Sistem Keputusan Berbasis Model,"Memahami konsep sistem, model, dan simulasi, faktor dan lingkungan pengambilan keputusan, mengembangkan model simulasi system dynamics, mengembangkan skenario model prediksi dan analisis sensitivitas, serta menganalisis sistem keputusan berbasis model.",5,CLO01; CLO02; CLO03; CLO04; CLO05,ITS_SI_BRIN.xlsx
Sistem Manajemen Hubungan Pelanggan,"Menjelaskan evolusi CRM konvensional menuju Social CRM, cara berpikir konsumen, dan model IDIC & Trust dalam CRM, menganalisis klasifikasi dan segmentasi konsumen, menjabarkan konsep analytics dan data mining dalam CRM beserta tool-nya, merancang dan merumuskan pengukuran serta pengelolaan nilai pelanggan berdasarkan customer-strategy enterprise, serta mendesain customer-strategy enterprise.",5,CLO 1; CLO 2; CLO 3; CLO 4; CLO 5,TeluSurabaya.xlsx
Sistem Operasi,"Merancang, mengembangkan, mengimplementasikan dan mengevaluasi solusi sistem informasi menuju data-driven organization, mengimplementasikan solusi dengan metodologi pengembangan yang tepat, menggunakan metode tertentu dalam konteks penelitian atau proyek nyata, serta menggunakan teknik, keahlian, dan perangkat dalam pengembangan aplikasi dan integrasinya pada kasus nyata.",8,CLO 1; CLO 2; CLO 3; CLO 4; CLO-01; CLO-02; CLO-03; CLO-04,Dataset_CLO_OBE_SI_TelUJakarta.xlsx; TeluSurabaya.xlsx
Statistika Industri,"Membangun model statistika untuk menganalisis, memprediksi, dan mengambil keputusan pada permasalahan sistem informasi, melakukan pengumpulan data dengan teknik sampling yang tepat, serta melakukan pengujian hipotesis untuk menyelesaikan masalah.",3,CLO 1-Sub CLO-3; CLO 2-Sub CLO-01; CLO 7-Sub CLO-2,TeluSurabaya.xlsx
Tata Kelola Keamanan Informasi,"Menjelaskan konsep tata kelola keamanan informasi, memahami manajemen risiko keamanan informasi, manajemen keamanan siber, jaminan keamanan siber, serta tahapan penyusunan dokumen berbasis COBIT.",5,CLO01a; CLO01b; CLO01c; CLO01d; CLO01e,ITS_SI_BRIN.xlsx
Tata Kelola dan Audit TI,"Memahami konsep sistem pengendalian internal dan tata kelola TI, COBIT sebagai kerangka kerja tata kelola TI, dasar-dasar audit TI, serta tahapan audit lingkungan TI.",4,CLO01a; CLO01b; CLO01c; CLO01d,ITS_SI_BRIN.xlsx
Tata Kelola dan Managemen Teknologi Informasi,"Memahami dan menjelaskan konsep tata kelola dan manajemen TI (TKMTI) berdasarkan kerangka kerja COBIT 2019, menjelaskan faktor desain untuk penentuan tujuan TKMTI prioritas beserta tujuh komponen sistemnya, menentukan lingkup tujuan TKMTI dan merancang instrumen penilaian kinerja, serta melaksanakan penilaian kesenjangan dan merancang solusi tujuh komponen sistem TKMTI pada suatu organisasi.",5,CLO 1-01; CLO 1-01; CLO 2-02; CLO 3-03; CLO 3-04,TeluSurabaya.xlsx
Tata Kelola dan Manajemen Teknologi Informasi,"Menggunakan teknik/metode/perangkat lunak/kakas terkini untuk solusi sistem informasi dalam kasus nyata, menganalisis permasalahan kompleks bidang infokom dalam konteks enterprise/masyarakat, serta mengevaluasi kinerja sistem informasi dan mengusulkan perbaikan untuk mendukung tujuan bisnis organisasi.",3,CLO-02; CLO-03; CLO-04,Dataset_CLO_OBE_SI_TelUJakarta.xlsx
Teknologi Berkembang,"Memahami pengetahuan inovasi dan teknologi yang berkembang, mengemukakan teknologi-teknologi tersebut, serta melaporkan hasil analisis masalah dengan solusi inovatif.",3,CLO01a; CLO01b; CLO01c,ITS_SI_BRIN.xlsx
Teknologi Machine Learning,"Memahami pengetahuan teknologi pada machine learning, mengemukakan teknologi tersebut, serta mempraktikkan teknologi machine learning dengan solusi inovatif.",3,CLO01a; CLO01b; CLO01c,ITS_SI_BRIN.xlsx
