course_name,sks,clo_combined_text,skill_technical_list,skill_domain_list,has_skill_tag,sources,num_rows,course_code
Administrasi Basisdata,,Mendemonstrasikan Administrasi Basis Data Membuat Stored Procedure dan Functions Mendeteksi problem dan melakukan fine tuning,,,False,ITS_Raw,3,0
Algoritma dan Pemrograman,4.0,"Mampu memahami konsep dasar bidang infokom yang digunakan dalam lingkup disiplin ilmu sistem informasi Mampu menganalisis permasalahan dalam bidang infokom dalam konteks enterprise atau masyarakat Mampu mengembangkan solusi berbasis sistem informasi menggunakan metodologi pengembangan yang tepat. Memahami dasar-dasar pemrograman komputer meliputi sejarah, cara kerja, perkembangan, serta pentingnya belajar bahasa pemrograman, dan mampu menguraikan konsep flowchart serta pseudocode. Menguasai konsep variabel, tipe data, type casting, output, comment, user input, dan berbagai jenis operator, serta mampu mengimplementasikan konstruksi percabangan if-then-else dan switch case, dan perulangan for, while, serta perulangan bersarang. Memahami konsep penggunaan function meliputi parameter, return values, dan variable scope, serta konsep array termasuk pembuatan dan akses elemennya. Mampu menerapkan debugging dan penanganan exception untuk berbagai tipe error, serta memahami konsep dasar algoritma. Mampu merancang algoritma dengan memberikan contoh penggunaan algoritma sederhana serta mampu membuat solusi program untuk menyelesaikan permasalahan atau kasus nyata yang sederhana. Mampu mengimplementasikan algoritma sederhana untuk menciptakan solusi program yang menyelesaikan permasalahan atau kasus nyata. Memahami dasar-dasar pemrograman komputer meliputi sejarah, cara kerja, perkembangan, serta pentingnya belajar bahasa pemrograman, dan mampu menguraikan konsep flowchart serta pseudocode. Menguasai konsep variabel, tipe data, type casting, output, comment, user input, dan berbagai jenis operator, serta mampu mengimplementasikan konstruksi percabangan if-then-else dan switch case, dan perulangan for, while, serta perulangan bersarang. Memahami konsep penggunaan function meliputi parameter, return values, dan variable scope, serta konsep array termasuk pembuatan dan akses elemennya. Mampu menerapkan debugging dan penanganan exception untuk berbagai tipe error, serta memahami konsep dasar algoritma. || Mampu merancang algoritma dengan memberikan contoh penggunaan algoritma sederhana serta mampu membuat solusi program untuk menyelesaikan permasalahan atau kasus nyata yang sederhana. || Mampu mengimplementasikan algoritma sederhana untuk menciptakan solusi program yang menyelesaikan permasalahan atau kasus nyata.","Algorithm Design; Data Structure; Pseudocode; Algorithm Design, Data Structure, Pseudocode",Programming & Algorithm,True,TelU_CLO_Paraphrase; TelU_CLO_Skill; TelU_Course_Summary,7,1
Algoritma dan Struktur Data,,Melakukan penilaian kompleksitas algoritma Mengidentifikasi bug pada proses debugging dan pengujian Mendesain solusi komprehensif dengan pendekatan PBO Memahami tipe struktur data abstrak dan algoritma pengelolaan data jamak Mengimplementasikan desain solusi dengan algoritma dan struktur data,,,False,ITS_Raw,5,2
Analisis dan Perancangan Sistem Informasi,3.0,"[PLO01-CLO03] Mampu mengidentifikasi kebutuhan sistem informasi dalam konteks enterprise atau masyarakat [PLO02-CLO01] Mampu membuat perancangan sistem informasi untuk memenuhi kebutuhan organisasi menuju data-driven organization [PLO03-CLO02] Mampu menerapkan sikap adaptif dalam berbagai konteks profesional untuk mencapai tujuan bersama [PLO08-CLO04] Mampu menggunakan teknik, keahlian, dan perangkat dalam pengembangan aplikasi dan integrasinya dalam konteks kasus nyata Mampu mengidentifikasi kebutuhan sistem informasi dalam konteks enterprise atau masyarakat melalui berbagai metode SDLC seperti kanban, spiral, agile, prototyping, waterfall, fast, dan RAD, serta memahami tren pengembangan perangkat lunak dan teknik penggalian kebutuhan yang menghasilkan dokumen sistem kebutuhan perangkat lunak. Menguasai pembedaan fungsi diagram pemodelan obyek, khususnya Unified Modeling Language (UML) dan Use Case Diagram (UC Diagram), termasuk notasi dan artikel ilmiah terkait. Mampu mengidentifikasi masalah atau studi kasus dalam perancangan sistem, serta memahami dan menerapkan notasi serta analisis dari robustness diagram dan sequence diagram, termasuk turunan dari use case diagram dan fase UML terkait. Mampu menyelesaikan permasalahan dan bekerja sama dalam tim melalui pemahaman mendalam tentang notasi use case diagram serta activity diagram, meliputi skenario utama dan alternatif, serta mampu menganalisis dokumen UML terkait kedua diagram tersebut. Mampu mengimplementasikan pemodelan obyek ke permasalahan nyata dengan menerapkan sequence diagram, class diagram beserta notasi dan dokumen UML terkait, serta mampu menjelaskan keseluruhan tugas dan mengevaluasi pemahaman melalui penyelesaian materi dari pertemuan awal hingga akhir. Mampu mengidentifikasi kebutuhan sistem informasi dalam konteks enterprise atau masyarakat melalui berbagai metode SDLC seperti kanban, spiral, agile, prototyping, waterfall, fast, dan RAD, serta memahami tren pengembangan perangkat lunak dan teknik penggalian kebutuhan yang menghasilkan dokumen sistem kebutuhan perangkat lunak. Menguasai pembedaan fungsi diagram pemodelan obyek, khususnya Unified Modeling Language (UML) dan Use Case Diagram (UC Diagram), termasuk notasi dan artikel ilmiah terkait. || Mampu mengidentifikasi masalah atau studi kasus dalam perancangan sistem, serta memahami dan menerapkan notasi serta analisis dari robustness diagram dan sequence diagram, termasuk turunan dari use case diagram dan fase UML terkait. || Mampu menyelesaikan permasalahan dan bekerja sama dalam tim melalui pemahaman mendalam tentang notasi use case diagram serta activity diagram, meliputi skenario utama dan alternatif, serta mampu menganalisis dokumen UML terkait kedua diagram tersebut. || Mampu mengimplementasikan pemodelan obyek ke permasalahan nyata dengan menerapkan sequence diagram, class diagram beserta notasi dan dokumen UML terkait, serta mampu menjelaskan keseluruhan tugas dan mengevaluasi pemahaman melalui penyelesaian materi dari pertemuan awal hingga akhir.","Requirements Engineering; UML Modeling; Use Case Design; System Architecture; Requirements Engineering, UML Modeling, Use Case Design, System Architecture",Systems Analysis & Design,True,TelU_CLO_Paraphrase; TelU_CLO_Skill; TelU_Course_Summary,9,3
Analitika Data dan Diagnostik,,"Memahami posisi Data Science serta jenjang data analytics Menghasilkan informasi dengan meringkas dan memvisualisasikan data Mengimplementasikan konsep Statistika dan Visualisasi untuk deskripsi data Mengimplementasikan konsep AI, DM, ML untuk Diagnostic Analytics",,,False,ITS_Raw,4,4
Arsitektur Enterprise,3.0,"Mampu memodelkan kebutuhan infokom dalam konteks enterprise atau masyarakat Mampu menggunakan teknik, metode, perangkat lunak terkini untuk menghasilkan solusi di bidang pengelolaan fungsi dan bisnis organisasi dalam konteks kasus nyata Mampu mengusulkan perbaikan arsitektur atau pengelolaan sistem informasi untuk mendukung tujuan organisasi. Mampu menganalisis kebutuhan arsitektur enterprise pada suatu organisasi dengan menjelaskan definisi, latar belakang, tujuan, manfaat, prinsip, dan modelnya, serta mengidentifikasi permasalahan strategis sebagai pemicu transformasi digital, akar permasalahan, fungsi/proses bisnis yang terdampak, dan ruang lingkup perancangan arsitektur enterprise dalam konteks transformasi digital, termasuk tingkat kematangannya. Mampu menggunakan teknik dan kakas dalam menyusun arsitektur enterprise, meliputi pemahaman konsep, latar belakang, manfaat, serta perbandingan berbagai Enterprise Architecture Framework yang umum digunakan. Menguasai penerapan The Open Group Architecture Framework (TOGAF) termasuk konsep dasar, siklus ADM, pedoman, teknik, serta kerangka konten dan referensi modelnya. Mampu menerapkan bahasa pemodelan arsitektur enterprise seperti ArchiMate dalam merancang artefak arsitektur pada fase preliminary, arsitektur visi, arsitektur bisnis, arsitektur sistem informasi, dan arsitektur teknologi menggunakan aplikasi pendukung. Mampu merancang arsitektur enterprise dengan menerapkan framework dan bahasa pemodelan terstandardisasi pada studi kasus, meliputi penjelasan lingkup, tahapan, serta identifikasi artifak pada fase Preliminary, Arsitektur Visi, Arsitektur Bisnis, Arsitektur Sistem Informasi (aplikasi dan data), dan Arsitektur Teknologi. Meliputi analisis baseline, identifikasi kesenjangan, serta perumusan usulan perbaikan untuk menurunkan visi organisasi ke target arsitektur bisnis dan sistem informasi, serta finalisasi penyusunan dokumen arsitektur enterprise yang sesuai dengan standar dan justifikasi yang tepat. Mampu menganalisis kebutuhan arsitektur enterprise pada suatu organisasi dengan menjelaskan definisi, latar belakang, tujuan, manfaat, prinsip, dan modelnya, serta mengidentifikasi permasalahan strategis sebagai pemicu transformasi digital, akar permasalahan, fungsi/proses bisnis yang terdampak, dan ruang lingkup perancangan arsitektur enterprise dalam konteks transformasi digital, termasuk tingkat kematangannya. || Mampu menggunakan teknik dan kakas dalam menyusun arsitektur enterprise, meliputi pemahaman konsep, latar belakang, manfaat, serta perbandingan berbagai Enterprise Architecture Framework yang umum digunakan. Menguasai penerapan The Open Group Architecture Framework (TOGAF) termasuk konsep dasar, siklus ADM, pedoman, teknik, serta kerangka konten dan referensi modelnya. Mampu menerapkan bahasa pemodelan arsitektur enterprise seperti ArchiMate dalam merancang artefak arsitektur pada fase preliminary, arsitektur visi, arsitektur bisnis, arsitektur sistem informasi, dan arsitektur teknologi menggunakan aplikasi pendukung. || Mampu merancang arsitektur enterprise dengan menerapkan framework dan bahasa pemodelan terstandardisasi pada studi kasus, meliputi penjelasan lingkup, tahapan, serta identifikasi artifak pada fase Preliminary, Arsitektur Visi, Arsitektur Bisnis, Arsitektur Sistem Informasi (aplikasi dan data), dan Arsitektur Teknologi. Meliputi analisis baseline, identifikasi kesenjangan, serta perumusan usulan perbaikan untuk menurunkan visi organisasi ke target arsitektur bisnis dan sistem informasi, serta finalisasi penyusunan dokumen arsitektur enterprise yang sesuai dengan standar dan justifikasi yang tepat.","TOGAF; Architecture Modeling; EA Framework; TOGAF, Architecture Modeling, EA Framework",Enterprise Architecture,True,TelU_CLO_Paraphrase; TelU_CLO_Skill; TelU_Course_Summary,7,5
Data Lakehouse,,Merancang dan Membangun Data Warehouse Merancang dan Membangun Data Lake Merancang dan Membangun Data Lakehouse,,,False,ITS_Raw,3,6
Data Warehouse dan Business Intelligence,3.0,"Mampu memodelkan kebutuhan infokom dalam konteks enterprise atau masyarakat Mampu memahami konsep dasar bidang infokom yang digunakan dalam lingkup disiplin ilmu sistem informasi Mampu membuat perancangan sistem informasi untuk memenuhi kebutuhan organisasi menuju data-driven organization Mampu mengembangkan solusi berbasis sistem informasi menggunakan metodologi pengembangan yang tepat. Mampu menggunakan metode dan perangkat lunak terkini untuk menghasilkan solusi di bidang data dalam konteks kasus nyata Memahami konsep Business Intelligence, meliputi perkembangan, sejarah, arsitektur, perbedaan OLTP dan OLAP, perencanaan, jenis-jenis analitik, serta perbedaan analitik dan data science, dan mampu menerapkannya untuk mendukung pengambilan keputusan berbasis data serta menyelesaikan permasalahan pada perusahaan atau organisasi melalui pemodelan kebutuhan infokom dalam konteks enterprise atau masyarakat, termasuk pengenalan deskripsi data, kesiapan data, taksonomi data, dan pra-pemrosesan data. Mampu merancang sistem informasi yang mendukung organisasi menuju data-driven organization, meliputi pemahaman mendalam mengenai pengantar, perkembangan, karakteristik, serta proses dan framework data warehouse, termasuk arsitektur alternatifnya. Menguasai pengembangan data warehouse melalui teknik Extract, Transform, Load (ETL), Change Data Capture (CDC), operasi OLAP, serta implementasi data warehouse di cloud. Mampu mengembangkan solusi berbasis sistem informasi dengan menerapkan metodologi yang tepat, meliputi penggunaan konsep statistik dalam analitika data, pemodelan statistik untuk analitika bisnis, serta regression modeling untuk inferential statistics. Menguasai analisis dan pembuatan sumber data untuk data warehouse, termasuk pengukuran kinerja, Business Performance Management, Performance Measurement, Key Performance Indicator (KPI) dan implementasinya, serta Balanced Scorecard. Mampu menerapkan konsep visualisasi data untuk merancang dashboard, mencakup jenis-jenis chart dan graph, studi kasus perancangan dashboard, serta mengenali kesalahan dalam desain dashboard. Mampu menganalisis dan memproduksi sumber data untuk pembangunan data warehouse, serta merancang Key Performance Indicator (KPI) dan mengkomunikasikannya melalui dashboard, dengan memanfaatkan metode dan perangkat lunak terkini untuk menghasilkan solusi data dalam konteks kasus nyata. Memahami konsep Business Intelligence, meliputi perkembangan, sejarah, arsitektur, perbedaan OLTP dan OLAP, perencanaan, jenis-jenis analitik, serta perbedaan analitik dan data science, dan mampu menerapkannya untuk mendukung pengambilan keputusan berbasis data serta menyelesaikan permasalahan pada perusahaan atau organisasi melalui pemodelan kebutuhan infokom dalam konteks enterprise atau masyarakat, termasuk pengenalan deskripsi data, kesiapan data, taksonomi data, dan pra-pemrosesan data. || Mampu merancang sistem informasi yang mendukung organisasi menuju data-driven organization, meliputi pemahaman mendalam mengenai pengantar, perkembangan, karakteristik, serta proses dan framework data warehouse, termasuk arsitektur alternatifnya. Menguasai pengembangan data warehouse melalui teknik Extract, Transform, Load (ETL), Change Data Capture (CDC), operasi OLAP, serta implementasi data warehouse di cloud. || Mampu mengembangkan solusi berbasis sistem informasi dengan menerapkan metodologi yang tepat, meliputi penggunaan konsep statistik dalam analitika data, pemodelan statistik untuk analitika bisnis, serta regression modeling untuk inferential statistics. Menguasai analisis dan pembuatan sumber data untuk data warehouse, termasuk pengukuran kinerja, Business Performance Management, Performance Measurement, Key Performance Indicator (KPI) dan implementasinya, serta Balanced Scorecard. Mampu menerapkan konsep visualisasi data untuk merancang dashboard, mencakup jenis-jenis chart dan graph, studi kasus perancangan dashboard, serta mengenali kesalahan dalam desain dashboard. || Mampu menganalisis dan memproduksi sumber data untuk pembangunan data warehouse, serta merancang Key Performance Indicator (KPI) dan mengkomunikasikannya melalui dashboard, dengan memanfaatkan metode dan perangkat lunak terkini untuk menghasilkan solusi data dalam konteks kasus nyata.","ETL Process; OLAP; Data Modeling; Dashboard & Reporting; ETL Process, OLAP, Data Modeling, Dashboard & Reporting",Data Warehouse & BI,True,TelU_CLO_Paraphrase; TelU_CLO_Skill; TelU_Course_Summary,10,7
Desain Pengalaman Pengguna,,Memahami Konsep dan Metodologi Studi terhadap pengguna Memahami Konsep dan metodologi perancangan pengalaman pengguna Menerapkan teknik memahami ruang masalah pengguna Menerapkan teknik penggalian ide rancangan Menerapkan teknik perancangan prototipe dan ruang solusi Menerapkan teknik evaluasi terhadap rancangan,,,False,ITS_Raw,6,8
Desain dan Manajemen Jaringan Komputer,,Memahami konsep arsitektur & infrastruktur jaringan perusahaan Memahami dan menyusun desain jaringan komputer Merancang jaringan komputer sesuai kebutuhan pengguna,,,False,ITS_Raw,3,9
Design Thinking,,Menguraikan design thinking untuk menghasilkan ide-ide baru Menggali praktek design thinking di startup untuk menghasilkan produk baru Mengemukakan design thinking yang dipraktekkan startup dalam membuat produk Mencoba proses design thinking untuk memecahkan masalah di sekitar,,,False,ITS_Raw,4,10
Etika Teknologi Informasi,,"Memahami kode etik profesional dan pengguna TI Memahami permasalahan hukum akibat penggunaan TI Menganalisa fenomena penggunaan TI dari aspek etika, moral dan hukum",,,False,ITS_Raw,3,11
Forensika Digital,,Memahami potensi ancaman data dan solusi pengamanannya Membangun keamanan data dan infrastruktur sistem Melaporkan proses pengembangan keamanan sistem Menerapkan identifikasi dan preservasi bukti elektronik,,,False,ITS_Raw,7,12
Grafik Pengetahuan,,Memahami konsep knowledge graph Mendemonstrasikan pemodelan data dalam bentuk graph Memahami algoritma graph dalam menganalisa data Mendemonstrasikan penggunaan algoritma graph,,,False,ITS_Raw,4,13
Infrastruktur TI,,Memahami Dasar Sistem Komputer Memahami Perangkat Keras Komputer Memahami Perangkat Lunak Dasar Memahami Dasar Jaringan Komputer Menerapkan Infrastruktur TI untuk Bisnis Organisasi,,,False,ITS_Raw,5,14
Integrasi Aplikasi Enterprise,3.0,"[PLO01] CLO03 - Mampu mengidentifikasi kebutuhan sistem informasi dalam konteks enterprise atau masyarakat [PLO08] CLO03 - Mampu menggunakan metode atau perangkat lunak tertentu dalam keilmuan sistem informasi dalam konteks penelitian atau proyek nyata Mampu mengidentifikasi kebutuhan integrasi aplikasi enterprise dengan memahami definisi, manfaat, dan perkembangan EAI, serta mengenali komponen dan teknologinya, termasuk tantangan serta peluang penerapannya. Menguasai konsep dasar arsitektur Monolith, SOA, dan Microservice, serta mampu membedakan penerapannya dalam kehidupan nyata dan berdasarkan kebutuhan sistem. Memahami perbedaan model integrasi Point-to-Point dan Middleware, keuntungan serta tantangannya, dan mengidentifikasi berbagai format data yang digunakan dalam pertukaran data seperti XML, JSON, dan Protobuf, termasuk penggunaan API Gateway dan Message Broker. Menguasai konsep dasar Arsitektur API, Web Service, dan Arsitektur Event-Driven, membedakan ketiganya, serta mengidentifikasi penerapannya dalam sistem nyata dan kontribusinya pada integrasi aplikasi, termasuk mengidentifikasi kebutuhan integrasi terhadap studi kasus yang akan dirancang. Mampu mengimplementasikan teknologi integrasi yang sesuai untuk sistem informasi enterprise, meliputi pemahaman dan perancangan API untuk arsitektur monolith dan SOA, serta penggunaan metode HTTP yang tepat. Menguasai konsep dasar microservices dan containerization, termasuk identifikasi dan konfigurasi tools seperti Docker dan Kubernetes untuk orkestrasi, serta merancang dan membangun API dalam lingkungan container. Memahami konsep GraphQL, termasuk struktur query, syntax, dan pengembangannya untuk operasi data, serta mengintegrasikannya sebagai API Gateway dalam arsitektur microservices. Mampu merancang serta mengimplementasikan aplikasi integrasi berbasis microservices dan GraphQL berdasarkan studi kasus, serta menggunakan berbagai tools dan teknologi terbaru yang relevan. Mampu mengidentifikasi kebutuhan integrasi aplikasi enterprise dengan memahami definisi, manfaat, dan perkembangan EAI, serta mengenali komponen dan teknologinya, termasuk tantangan serta peluang penerapannya. Menguasai konsep dasar arsitektur Monolith, SOA, dan Microservice, serta mampu membedakan penerapannya dalam kehidupan nyata dan berdasarkan kebutuhan sistem. Memahami perbedaan model integrasi Point-to-Point dan Middleware, keuntungan serta tantangannya, dan mengidentifikasi berbagai format data yang digunakan dalam pertukaran data seperti XML, JSON, dan Protobuf, termasuk penggunaan API Gateway dan Message Broker. Menguasai konsep dasar Arsitektur API, Web Service, dan Arsitektur Event-Driven, membedakan ketiganya, serta mengidentifikasi penerapannya dalam sistem nyata dan kontribusinya pada integrasi aplikasi, termasuk mengidentifikasi kebutuhan integrasi terhadap studi kasus yang akan dirancang. || Mampu mengimplementasikan teknologi integrasi yang sesuai untuk sistem informasi enterprise, meliputi pemahaman dan perancangan API untuk arsitektur monolith dan SOA, serta penggunaan metode HTTP yang tepat. Menguasai konsep dasar microservices dan containerization, termasuk identifikasi dan konfigurasi tools seperti Docker dan Kubernetes untuk orkestrasi, serta merancang dan membangun API dalam lingkungan container. Memahami konsep GraphQL, termasuk struktur query, syntax, dan pengembangannya untuk operasi data, serta mengintegrasikannya sebagai API Gateway dalam arsitektur microservices. Mampu merancang serta mengimplementasikan aplikasi integrasi berbasis microservices dan GraphQL berdasarkan studi kasus, serta menggunakan berbagai tools dan teknologi terbaru yang relevan.","API Design; Web Services; API Design, Web Services",Enterprise Integration,True,TelU_CLO_Paraphrase; TelU_CLO_Skill; TelU_Course_Summary,5,15
Jaringan Komputer,3.0,"Mampu memahami konsep dasar bidang infokom yang digunakan dalam lingkup disiplin ilmu sistem informasi Mampu menerapkan perspektif disiplin lain dalam analisis permasalahan infokom Mampu menggunakan teknik atau perangkat dalam bidang infrastruktur teknologi informasi untuk organisasi Memahami dasar komunikasi jaringan komputer, termasuk ketersediaan, keterpercayaan, dan keamanan, serta mampu mengidentifikasi standar jaringan komputer Open Systems Interconnection (OSI) dan setiap lapisannya, meliputi OSI Layer Physical, Data-Link, Network, dan Transport, serta mengkorelasikan protokol yang digunakan dalam setiap lapisan OSI. Mampu menerapkan pengalamatan dan konfigurasi perangkat jaringan komputer dengan ketepatan dalam menghitung konversi antarbilangan, meliputi bilangan biner, desimal, dan heksadesimal serta metode konversinya, dan mampu menjelaskan fungsi protokol IPv4. Mampu merancang jaringan komputer dalam sebuah institusi, meliputi pemahaman konsep Internet Control Protocol dan Address Resolution Protocol, serta penggunaan software pendukung dan perangkat Cisco berdasarkan studi kasus. Memahami dasar komunikasi jaringan komputer, termasuk ketersediaan, keterpercayaan, dan keamanan, serta mampu mengidentifikasi standar jaringan komputer Open Systems Interconnection (OSI) dan setiap lapisannya, meliputi OSI Layer Physical, Data-Link, Network, dan Transport, serta mengkorelasikan protokol yang digunakan dalam setiap lapisan OSI. || Mampu menerapkan pengalamatan dan konfigurasi perangkat jaringan komputer dengan ketepatan dalam menghitung konversi antarbilangan, meliputi bilangan biner, desimal, dan heksadesimal serta metode konversinya, dan mampu menjelaskan fungsi protokol IPv4. || Mampu merancang jaringan komputer dalam sebuah institusi, meliputi pemahaman konsep Internet Control Protocol dan Address Resolution Protocol, serta penggunaan software pendukung dan perangkat Cisco berdasarkan studi kasus.","TCP/IP Protocol; Network Topology; Network Security; TCP/IP Protocol, Network Topology, Network Security",Computer Networking,True,TelU_CLO_Paraphrase; TelU_CLO_Skill; TelU_Course_Summary,7,16
Keamanan Sistem Informasi,3.0,"Mampu mengidentifikasi kebutuhan sistem informasi dalam konteks enterprise atau masyarakat Mampu memahami konsep dasar bidang infokom yang digunakan dalam lingkup disiplin ilmu sistem informasi Mampu menggunakan metode dan perangkat lunak terkini untuk menghasilkan solusi di bidang data dalam konteks kasus nyata Mampu menggunakan teknik atau perangkat dalam bidang infrastruktur teknologi informasi untuk organisasi Mampu menerapkan teknik, metode, dan perangkat lunak terkini untuk menghasilkan solusi di bidang sistem informasi, meliputi implementasi keamanan jaringan, identifikasi kerentanan dan ancaman pada sistem endpoint serta aplikasi web, serta penghitungan dan pengukuran risiko keamanan informasi. Menguasai identifikasi pengelolaan teknologi keamanan sebagai kebijakan, panduan, prosedur SDM dan organisasi, penerapan proteksi keamanan lingkungan fisik, serta studi kasus pada keamanan sistem informasi. Mampu mengidentifikasi konsep keamanan sistem informasi, termasuk kerentanan, ancaman keamanan, serta kontrol yang relevan, dan menguasai penerapan kriptografi modern seperti hash, simetrik, dan asimetrik. Selain itu, mampu mengidentifikasi fungsi identitas, otentikasi, serta proteksi data, dan memahami kerentanan serta ancaman pada keamanan jaringan, termasuk fungsi operasional keamanan untuk menghasilkan solusi sistem informasi yang efektif dalam konteks kasus nyata. Mampu menerapkan teknik, metode, dan perangkat lunak terkini untuk menghasilkan solusi di bidang sistem informasi, meliputi implementasi keamanan jaringan, identifikasi kerentanan dan ancaman pada sistem endpoint serta aplikasi web, serta penghitungan dan pengukuran risiko keamanan informasi. Menguasai identifikasi pengelolaan teknologi keamanan sebagai kebijakan, panduan, prosedur SDM dan organisasi, penerapan proteksi keamanan lingkungan fisik, serta studi kasus pada keamanan sistem informasi. || Mampu mengidentifikasi konsep keamanan sistem informasi, termasuk kerentanan, ancaman keamanan, serta kontrol yang relevan, dan menguasai penerapan kriptografi modern seperti hash, simetrik, dan asimetrik. Selain itu, mampu mengidentifikasi fungsi identitas, otentikasi, serta proteksi data, dan memahami kerentanan serta ancaman pada keamanan jaringan, termasuk fungsi operasional keamanan untuk menghasilkan solusi sistem informasi yang efektif dalam konteks kasus nyata.","Cybersecurity; Cryptography; Security Audit; Risk Assessment; Cybersecurity, Cryptography, Security Audit, Risk Assessment",Information Security,True,TelU_CLO_Paraphrase; TelU_CLO_Skill; TelU_Course_Summary,7,17
Komputasi Lunak,,Memahami konsep komputasi lunak dan optimasi Memahami beberapa metode komputasi lunak Memahami jenis algoritma berbasis evolusi Memahami aplikasi komputasi lunak untuk kasus nyata,,,False,ITS_Raw,4,18
Logika dan Struktur Diskrit,,"Menjelaskan dan menerapkan konsep-konsep dasar logika (proposisi, premis, kesimpulan, inferensi) Menggunakan metode pembuktian untuk menguji kebenaran teorema matematis Menjelaskan dan menerapkan konsep dasar struktur diskrit (teori bilangan, himpunan, induksi, rekursi) Memahami metode  counting  dan merepresentasikan permasalahan dalam bentuk relasi dan graf Menerapkan logika dan struktur diskrit untuk memecahkan masalah komputasional",,,False,ITS_Raw,5,19
Manajemen Hubungan Pelanggan,,Memahami konsep rekayasa dan Manajemen Hubungan Pelanggan Menjabarkan teori dan isu terbaru CRM Merencanakan diseminasi teori CRM kepada masyarakat Menilai dan mempraktikkan perbaikan program CRM,,,False,ITS_Raw,4,20
Manajemen Investasi TI,,Memahami konsep investasi TI dan analisis kebutuhan Memahami model akuisisi dan metode finansial/ekonomi Menerapkan metode multi kriteria untuk investasi TI Menganalisis kelayakan untuk memilih alternatif terbaik,,,False,ITS_Raw,4,21
Manajemen Layanan TI,,"Menjelaskan konsep-konsep penting Manajemen Layanan TI Menjelaskan model-model utama (SVS, SVC, ITIL) Menjelaskan 34 practices Manajemen Layanan TI",,,False,ITS_Raw,3,22
Manajemen Perubahan Organisasi,,"Memahami konsep kepemimpinan dan gaya kepemimpinan Memahami strategi pengembangan kepemimpinan Memahami konsep, tipe dan model manajemen perubahan Menerapkan model manajemen perubahan dalam studi kasus",,,False,ITS_Raw,4,23
Manajemen Proses Bisnis,,Mengklasifikasikan proses bisnis dalam organisasi Menemukan dan menggambarkan proses AS-IS Menganalisis proses secara kualitatif dan kuantitatif Merancang ulang proses bisnis Mendemonstrasikan eksekusi proses model di atas perangkat lunak BPM,,,False,ITS_Raw,5,24
Manajemen Proyek Sistem Informasi,3.0,"Mampu berinisiatif dan bertanggungjawab untuk menyelesaikan berbagai tugas dalam tim Mampu menulis dokumen profesional sesuai dengan konteks profesional Mampu menggunakan metode atau perangkat lunak tertentu dalam keilmuan sistem informasi dalam konteks penelitian atau proyek nyata Mampu memahami prinsip-prinsip manajemen sistem informasi dalam konteks organisasi Mampu menyusun perencanaan dalam konteks sistem informasi menggunakan ilmu dan praktek yang relevan Mampu berinisiatif dan bertanggung jawab dalam menyelesaikan berbagai tugas tim, termasuk kontribusi anggota terhadap pencapaian tujuan proyek sesuai jadwal, serta menyusun laporan tugas besar dengan struktur, penjelasan, dan tata letak yang dielaborasi secara relevan. Mampu menulis dokumen profesional yang sesuai dengan konteks, meliputi kolaborasi dalam penyelesaian proyek sesuai jadwal, kontribusi anggota, serta ketepatan penyusunan laporan dengan struktur, penjelasan, dan tata letak yang didukung oleh literatur relevan. Kemampuan ini mencakup presentasi tugas besar yang efektif. Mampu menerapkan metode manajemen proyek sistem informasi dalam konteks penelitian atau proyek nyata, meliputi manajemen ruang lingkup proyek termasuk input, tool, teknik, keluaran, validasi, dan pengendalian; manajemen jadwal proyek yang mencakup perkiraan sumber daya, penjadwalan, aktivitas, critical chain, PERT, network diagram, serta Gantt chart; manajemen biaya proyek yang mencakup penentuan anggaran, perkiraan biaya, manajemen biaya, serta Earned Value Management dan Portfolio Management; manajemen sumber daya manusia yang meliputi pengembangan kapasitas tim, pengelolaan SDM, motivasi, pengaruh pekerja, pembangunan tim, alokasi SDM, organizational chart, responsibility assignment matrix, dan resource histogram; manajemen komunikasi proyek yang mencakup metode komunikasi, rapat efektif, teknologi komunikasi, template laporan, perencanaan komunikasi, serta pengelolaan komunikasi; manajemen pemangku kepentingan yang mencakup identifikasi, pemetaan pengaruh, perencanaan, dan pengelolaan pemangku kepentingan; serta manajemen risiko proyek yang meliputi identifikasi, analisis kualitatif dan kuantitatif, risk register, dan strategi penanggulangan risiko. Menguasai prinsip-prinsip manajemen sistem informasi dalam konteks organisasi, meliputi pemahaman mendalam tentang proyek, program, dan portofolio proyek, serta faktor-faktor yang mempengaruhinya. Mampu mendeskripsikan lima proses manajemen proyek, level aktivitas, dan interaksinya, serta pengembangan metodologi pengelolaan proyek IT. Memahami komponen dan isi project charter, serta hubungan antara proses dan knowledge area manajemen proyek. Menguasai manajemen ruang lingkup proyek, termasuk input, tool, teknik, dan output, serta validasi dan pengendaliannya. Mampu menjelaskan relasi antara perkiraan sumber daya dengan penjadwalan proyek, pentingnya penjadwalan, definisi aktivitas proyek, kaitan critical chain dan PERT, serta penggunaan network diagram dan Gantt chart untuk menentukan critical path. Menguasai proses penentuan anggaran dan perkiraan biaya proyek IT, pentingnya manajemen biaya, prinsip dasar, penggunaan perangkat lunak, perencanaan biaya, metode perkiraan biaya, serta pentingnya Earned Value Management dan Portfolio Management. Mampu menjelaskan pengembangan kapasitas dan kualitas tim proyek melalui pelatihan, team-building, dan reward system, serta menggunakan alat dan teknik pengelolaan tim proyek. Memahami pentingnya manajemen sumber daya manusia (SDM) dalam proyek IT, definisi, proses, konsep motivasi, cara mempengaruhi pekerja, membangun tim efektif, serta membuat rencana alokasi SDM, organizational chart, responsibility assignment matrix, dan resource histogram. Menguasai metode pengelolaan komunikasi proyek untuk memenuhi kebutuhan informasi, termasuk rapat efektif, penggunaan teknologi, template laporan, konsep komunikasi, softskills manajer dan tim, perencanaan komunikasi, serta pengelolaan komunikasi, teknologi, media, dan pelaporan kinerja. Mampu menjelaskan penentuan dan pemetaan pemangku kepentingan berdasarkan derajat pengaruh, pentingnya manajemen pemangku kepentingan, isi stakeholder management plan, dan proses pengelolaannya. Menguasai konsep risiko dan pentingnya manajemen risiko proyek, isi risk management plan, pengelolaan risiko, identifikasi risiko, pembuatan risk register, analisis risiko kualitatif dan kuantitatif, serta strategi perencanaan menanggapi risiko. Mampu menyusun perencanaan dalam konteks sistem informasi dengan menguasai lima kelompok proses manajemen proyek, termasuk manajemen integrasi, ruang lingkup, jadwal, biaya, sumber daya, komunikasi, pemangku kepentingan, dan risiko. Hal ini mencakup kemampuan mendeskripsikan level aktivitas, interaksi antar proses, serta pengembangan metodologi pengelolaan proyek IT yang sesuai kebutuhan organisasi, termasuk penyusunan project charter, analisis input, tool, teknik, dan output untuk setiap area manajemen, serta pembuatan dokumen perencanaan yang relevan dengan studi kasus. Penguasaan juga meliputi penjadwalan proyek menggunakan critical chain dan PERT, pembuatan network diagram, serta penggunaan Gantt chart untuk menentukan critical path, perencanaan anggaran dan perkiraan biaya proyek menggunakan perangkat lunak dan berbagai metode, serta penerapan Earned Value Management dan Portfolio Management. Selain itu, mampu mengembangkan kapasitas dan kualitas tim proyek melalui pelatihan, team-building, dan reward system, serta mengelola sumber daya manusia dengan konsep motivasi, pengaruh, dan pembangunan tim yang efektif, dibuktikan dengan pembuatan rencana alokasi SDM, organizational chart, responsibility assignment matrix, dan resource histogram. Kemampuan komunikasi yang efektif juga dikuasai melalui metode rapat, teknologi, dan template laporan, serta perencanaan komunikasi proyek, pengelolaan komunikasi, media, dan pelaporan kinerja. Pemetaan dan pengelolaan pemangku kepentingan berdasarkan derajat pengaruh, serta penyusunan stakeholder management plan juga menjadi bagian dari kompetensi ini, begitu pula dengan identifikasi risiko, pembuatan risk register, analisis risiko kualitatif dan kuantitatif, serta strategi penanggulangan risiko. Seluruh kompetensi ini diaplikasikan dalam penyusunan rencana proyek skala kecil, kolaborasi tim, dan pembuatan laporan tugas besar yang terstruktur dan relevan. Mampu berinisiatif dan bertanggung jawab dalam menyelesaikan berbagai tugas tim, termasuk kontribusi anggota terhadap pencapaian tujuan proyek sesuai jadwal, serta menyusun laporan tugas besar dengan struktur, penjelasan, dan tata letak yang dielaborasi secara relevan. || Mampu menulis dokumen profesional yang sesuai dengan konteks, meliputi kolaborasi dalam penyelesaian proyek sesuai jadwal, kontribusi anggota, serta ketepatan penyusunan laporan dengan struktur, penjelasan, dan tata letak yang didukung oleh literatur relevan. Kemampuan ini mencakup presentasi tugas besar yang efektif. || Mampu menerapkan metode manajemen proyek sistem informasi dalam konteks penelitian atau proyek nyata, meliputi manajemen ruang lingkup proyek termasuk input, tool, teknik, keluaran, validasi, dan pengendalian; manajemen jadwal proyek yang mencakup perkiraan sumber daya, penjadwalan, aktivitas, critical chain, PERT, network diagram, serta Gantt chart; manajemen biaya proyek yang mencakup penentuan anggaran, perkiraan biaya, manajemen biaya, serta Earned Value Management dan Portfolio Management; manajemen sumber daya manusia yang meliputi pengembangan kapasitas tim, pengelolaan SDM, motivasi, pengaruh pekerja, pembangunan tim, alokasi SDM, organizational chart, responsibility assignment matrix, dan resource histogram; manajemen komunikasi proyek yang mencakup metode komunikasi, rapat efektif, teknologi komunikasi, template laporan, perencanaan komunikasi, serta pengelolaan komunikasi; manajemen pemangku kepentingan yang mencakup identifikasi, pemetaan pengaruh, perencanaan, dan pengelolaan pemangku kepentingan; serta manajemen risiko proyek yang meliputi identifikasi, analisis kualitatif dan kuantitatif, risk register, dan strategi penanggulangan risiko. || Menguasai prinsip-prinsip manajemen sistem informasi dalam konteks organisasi, meliputi pemahaman mendalam tentang proyek, program, dan portofolio proyek, serta faktor-faktor yang mempengaruhinya. Mampu mendeskripsikan lima proses manajemen proyek, level aktivitas, dan interaksinya, serta pengembangan metodologi pengelolaan proyek IT. Memahami komponen dan isi project charter, serta hubungan antara proses dan knowledge area manajemen proyek. Menguasai manajemen ruang lingkup proyek, termasuk input, tool, teknik, dan output, serta validasi dan pengendaliannya. Mampu menjelaskan relasi antara perkiraan sumber daya dengan penjadwalan proyek, pentingnya penjadwalan, definisi aktivitas proyek, kaitan critical chain dan PERT, serta penggunaan network diagram dan Gantt chart untuk menentukan critical path. Menguasai proses penentuan anggaran dan perkiraan biaya proyek IT, pentingnya manajemen biaya, prinsip dasar, penggunaan perangkat lunak, perencanaan biaya, metode perkiraan biaya, serta pentingnya Earned Value Management dan Portfolio Management. Mampu menjelaskan pengembangan kapasitas dan kualitas tim proyek melalui pelatihan, team-building, dan reward system, serta menggunakan alat dan teknik pengelolaan tim proyek. Memahami pentingnya manajemen sumber daya manusia (SDM) dalam proyek IT, definisi, proses, konsep motivasi, cara mempengaruhi pekerja, membangun tim efektif, serta membuat rencana alokasi SDM, organizational chart, responsibility assignment matrix, dan resource histogram. Menguasai metode pengelolaan komunikasi proyek untuk memenuhi kebutuhan informasi, termasuk rapat efektif, penggunaan teknologi, template laporan, konsep komunikasi, softskills manajer dan tim, perencanaan komunikasi, serta pengelolaan komunikasi, teknologi, media, dan pelaporan kinerja. Mampu menjelaskan penentuan dan pemetaan pemangku kepentingan berdasarkan derajat pengaruh, pentingnya manajemen pemangku kepentingan, isi stakeholder management plan, dan proses pengelolaannya. Menguasai konsep risiko dan pentingnya manajemen risiko proyek, isi risk management plan, pengelolaan risiko, identifikasi risiko, pembuatan risk register, analisis risiko kualitatif dan kuantitatif, serta strategi perencanaan menanggapi risiko. || Mampu menyusun perencanaan dalam konteks sistem informasi dengan menguasai lima kelompok proses manajemen proyek, termasuk manajemen integrasi, ruang lingkup, jadwal, biaya, sumber daya, komunikasi, pemangku kepentingan, dan risiko. Hal ini mencakup kemampuan mendeskripsikan level aktivitas, interaksi antar proses, serta pengembangan metodologi pengelolaan proyek IT yang sesuai kebutuhan organisasi, termasuk penyusunan project charter, analisis input, tool, teknik, dan output untuk setiap area manajemen, serta pembuatan dokumen perencanaan yang relevan dengan studi kasus. Penguasaan juga meliputi penjadwalan proyek menggunakan critical chain dan PERT, pembuatan network diagram, serta penggunaan Gantt chart untuk menentukan critical path, perencanaan anggaran dan perkiraan biaya proyek menggunakan perangkat lunak dan berbagai metode, serta penerapan Earned Value Management dan Portfolio Management. Selain itu, mampu mengembangkan kapasitas dan kualitas tim proyek melalui pelatihan, team-building, dan reward system, serta mengelola sumber daya manusia dengan konsep motivasi, pengaruh, dan pembangunan tim yang efektif, dibuktikan dengan pembuatan rencana alokasi SDM, organizational chart, responsibility assignment matrix, dan resource histogram. Kemampuan komunikasi yang efektif juga dikuasai melalui metode rapat, teknologi, dan template laporan, serta perencanaan komunikasi proyek, pengelolaan komunikasi, media, dan pelaporan kinerja. Pemetaan dan pengelolaan pemangku kepentingan berdasarkan derajat pengaruh, serta penyusunan stakeholder management plan juga menjadi bagian dari kompetensi ini, begitu pula dengan identifikasi risiko, pembuatan risk register, analisis risiko kualitatif dan kuantitatif, serta strategi penanggulangan risiko. Seluruh kompetensi ini diaplikasikan dalam penyusunan rencana proyek skala kecil, kolaborasi tim, dan pembuatan laporan tugas besar yang terstruktur dan relevan.","Agile/Scrum; PMBOK; Risk Management; WBS & Scheduling; Agile/Scrum, PMBOK, Risk Management, WBS & Scheduling",IT Project Management,True,TelU_CLO_Paraphrase; TelU_CLO_Skill; TelU_Course_Summary,11,25
Manajemen Proyek Tangkas,,"Menunjukkan filosofi dan prinsip yang mendasari agile Mengemukakan siklus hidup proyek agile dan konfigurasi alternatif Mengoperasikan teknik agile serta manfaat dan keterbatasannya Mengimplementasikan pengelolaan proyek agile (perencanaan, eksekusi, kontrol)",,,False,ITS_Raw,4,26
Manajemen Rantai Pasok,,"Menjabarkan konsep manajemen rantai pasok dan strateginya Menerapkan peramalan dan perencanaan agregat rantai pasok Memecahkan masalah proses bisnis umum (persediaan, logistik) Mengusulkan solusi TI untuk supply chain nyata",,,False,ITS_Raw,4,27
Manajemen Risiko TI,,Memahami ketidakpastian bisnis dan kerentanan data/informasi Mengelola risiko TI untuk keberlangsungan bisnis Mengelola sistem informasi yang aman dan akuntabel,,,False,ITS_Raw,3,28
Monitoring dan Evaluasi Organisasi TI,,Memahami konsep dasar monitoring dan evaluasi Memahami desain hasil pada monitoring dan evaluasi Mengemukakan indikator serta data monitoring dan evaluasi Menguraikan rencana monitoring dan evaluasi,,,False,ITS_Raw,4,29
Organisasi dan Fungsional Bisnis,,Memahami Organisasi sebagai  system of flows Memahami  Design Parameter  di desain organisasi Memahami  Contingency Factors  di desain organisasi Memahami  Structural Configurations  di desain organisasi Menganalisis Organisasi Bisnis Kontemporer Merekomendasikan perbaikan pada Organisasi Bisnis Kontemporer,,,False,ITS_Raw,6,30
Pemodelan Proses Bisnis,3.0,"Mampu menyampaikan ide, informasi, dan argumen secara jelas dan persuasif dalam bentuk lisan di lingkungan profesional. Mampu menggunakan teknik, metode, perangkat lunak terkini untuk menghasilkan solusi di bidang pengelolaan fungsi dan bisnis organisasi dalam konteks kasus nyata. Mampu menganalisis prinsip dan fungsi manajemen Sistem Informasi untuk mendukung strategi bisnis. Mampu memodelkan penyelenggaraan sistem informasi di konteks organisasi. Mampu mengaplikasikan kemampuan berkomunikasi yang efektif untuk menggali kebutuhan melalui pemilihan teknik elicitation yang tepat dan pembuatan instrumen pengumpulan data, serta mampu memodelkan narasi proses bisnis menggunakan notasi dasar dan lanjutan, mengidentifikasi proses melalui kategori, hubungan, landscape, dan portofolio, serta menghasilkan model proses bisnis yang sesuai aturan. Selain itu, mampu menyampaikan hasil pekerjaan secara jelas dan terstruktur, menerima saran serta masukan dengan baik, dan menunjukkan pemahaman melalui diskusi atau pertanyaan lanjutan. Memahami penerapan proses bisnis pada berbagai tingkatan organisasi, termasuk identifikasi proses melalui kategori, hubungan antar proses, model lanskap proses, serta portofolio proses. Menguasai penggunaan notasi dasar dan lanjutan untuk memodelkan narasi proses bisnis, serta mampu memilih teknik elicitation yang tepat untuk menggali informasi dan menghasilkan model proses bisnis yang sesuai dengan aturan, meliputi penanganan rework, repetisi, event, dan exception. Mampu membuat model proses bisnis tingkat dasar dan lanjut menggunakan notasi BPMN, termasuk pemahaman tentang branching, merging, exclusive/inclusive decisions, parallel execution, rework, repetition, business objects, resources, process decomposition, dan re-use. Menguasai penanganan event dan exception, serta mampu memodelkan kolaborasi dan koreografi proses melalui berbagai fase pengembangan. Selain itu, mampu mengidentifikasi proses berdasarkan kategori, hubungan antar proses, process landscape, dan process portfolio, serta memilih dan menerapkan teknik elicitation yang tepat untuk menggali informasi guna menghasilkan model proses bisnis yang sesuai dengan aturan. Mampu menggunakan teknik dan perkakas pemodelan proses bisnis, termasuk notasi dasar dan lanjutan, untuk menghasilkan model yang sesuai dengan aturan, mengidentifikasi proses melalui kategori, hubungan antar proses, lanskap proses, dan portofolio proses, serta memilih dan menerapkan teknik elicitation yang tepat untuk menggali informasi. Mampu mengaplikasikan kemampuan berkomunikasi yang efektif untuk menggali kebutuhan melalui pemilihan teknik elicitation yang tepat dan pembuatan instrumen pengumpulan data, serta mampu memodelkan narasi proses bisnis menggunakan notasi dasar dan lanjutan, mengidentifikasi proses melalui kategori, hubungan, landscape, dan portofolio, serta menghasilkan model proses bisnis yang sesuai aturan. Selain itu, mampu menyampaikan hasil pekerjaan secara jelas dan terstruktur, menerima saran serta masukan dengan baik, dan menunjukkan pemahaman melalui diskusi atau pertanyaan lanjutan. || Memahami penerapan proses bisnis pada berbagai tingkatan organisasi, termasuk identifikasi proses melalui kategori, hubungan antar proses, model lanskap proses, serta portofolio proses. Menguasai penggunaan notasi dasar dan lanjutan untuk memodelkan narasi proses bisnis, serta mampu memilih teknik elicitation yang tepat untuk menggali informasi dan menghasilkan model proses bisnis yang sesuai dengan aturan, meliputi penanganan rework, repetisi, event, dan exception. || Mampu membuat model proses bisnis tingkat dasar dan lanjut menggunakan notasi BPMN, termasuk pemahaman tentang branching, merging, exclusive/inclusive decisions, parallel execution, rework, repetition, business objects, resources, process decomposition, dan re-use. Menguasai penanganan event dan exception, serta mampu memodelkan kolaborasi dan koreografi proses melalui berbagai fase pengembangan. Selain itu, mampu mengidentifikasi proses berdasarkan kategori, hubungan antar proses, process landscape, dan process portfolio, serta memilih dan menerapkan teknik elicitation yang tepat untuk menggali informasi guna menghasilkan model proses bisnis yang sesuai dengan aturan. || Mampu menggunakan teknik dan perkakas pemodelan proses bisnis, termasuk notasi dasar dan lanjutan, untuk menghasilkan model yang sesuai dengan aturan, mengidentifikasi proses melalui kategori, hubungan antar proses, lanskap proses, dan portofolio proses, serta memilih dan menerapkan teknik elicitation yang tepat untuk menggali informasi.","BPMN; Process Analysis; Process Mapping; Workflow Design; BPMN, Process Analysis, Process Mapping, Workflow Design",Business Process Modeling,True,TelU_CLO_Paraphrase; TelU_CLO_Skill; TelU_Course_Summary,9,31
Pemodelan Sistem Kognitif,,"Memahami dasar-dasar cognitive computing Memahami implementasi soft computing sebagai engine Menelaah peran AI, ML, IoT dalam Cognitive Computing Memahami representasi pengetahuan dan manifestasinya Memahami peran NLP dan Expert Systems dalam sistem kognitif",,,False,ITS_Raw,5,32
Pemodelan dan Analitika Prediktif,,Menginterpretasikan karakteristik data deret waktu dan teknik peramalan Memproyeksikan masa depan dengan teknik peramalan robust Menggunakan teknik data mining untuk prediksi data numerikal dan kategorikal Menggunakan machine (deep) learning untuk masalah klasifikasi Memerankan sebagai data scientist dalam mengomunikasikan temuan,,,False,ITS_Raw,5,33
Pemodelan dan Analitika Preskriptif,,Memahami permasalahan optimasi kombinatorik Menjelaskan kompleksitas permasalahan optimasi Menentukan algoritma heuristik yang tepat Menerapkan algoritma heuristik untuk masalah kombinatorik Menganalisis performa dari algoritma heuristik,,,False,ITS_Raw,5,34
Pemrograman Berorientasi Objek,3.0,"Mampu memahami konsep dasar bidang infokom yang digunakan dalam lingkup disiplin ilmu sistem informasi Mampu mengimplementasikan solusi berbasis sistem informasi menggunakan metodologi pengembangan yang tepat Mampu menjelaskan konsep-konsep dasar pemrograman berorientasi obyek (sintak dasar, enkapsulasi, inheritance, polimorfisme, abstraksi, dan penanganan eksepsi) dalam pemrograman Java. Mampu menerapkan prinsip-prinsip OOP untuk merancang dan mengimplementasikan kelas dan objek Java dengan menggunakan fitur yang sesuai. Mampu merancang, mengembangkan, dan mendokumentasikan aplikasi Java sederhana secara kolaboratif yang memenuhi kebutuhan pengguna dengan menerapkan prinsip-prinsip OOP secara komprehensif. Mampu menjelaskan konsep-konsep dasar pemrograman berorientasi obyek dalam Java, meliputi sintak dasar, tipe data, variabel, operator, serta penggunaan struktur kontrol seperti statement IF, CASE, dan WHILE. Menguasai konsep object, class, enkapsulasi, modifier akses, inheritance, abstract, interface, polimorfisme (overloading dan overriding), serta penanganan eksepsi (try-catch-finally). Mampu merancang dan mengimplementasikan diagram kelas UML yang mencerminkan relasi inheritance, asosiasi, dan komposisi, serta menerjemahkannya ke dalam kode Java. Selain itu, mampu menerapkan dasar-dasar pengembangan antarmuka pengguna grafis (GUI) dan operasi File Input/Output (I/O) menggunakan Java. Mampu menerapkan prinsip-prinsip Object-Oriented Programming (OOP) dalam perancangan dan implementasi kelas serta objek Java, meliputi pemahaman konsep dasar PBO, sintaks bahasa pemrograman seperti tipe data, variabel, operator, serta input/output konsol. Menguasai alur logika program menggunakan diagram alir, implementasi array 1D dan 2D, serta struktur kontrol percabangan (IF, Case) dan perulangan (While). Mampu membuat kelas dengan atribut private melalui getter dan setter untuk enkapsulasi data, serta memahami dan mengaplikasikan konsep inheritance, abstract, dan interface. Menguasai konsep polimorfisme, overriding, dan overloading dalam koding program, serta mampu mengidentifikasi jenis eksepsi dan menanganinya menggunakan blok try-catch-finally. Mampu mendesain class diagram menggunakan UML yang mencakup relasi inheritance, asosiasi, dan komposisi, serta menerjemahkannya ke dalam kode Java. Menguasai dasar-dasar pengembangan antarmuka pengguna grafis (GUI) menggunakan JavaFX dan dasar-dasar File I/O dalam Java. Mampu menjelaskan konsep-konsep dasar pemrograman berorientasi obyek dalam Java, meliputi sintak dasar, tipe data, variabel, operator, serta penggunaan struktur kontrol seperti statement IF, CASE, dan WHILE. Menguasai konsep object, class, enkapsulasi, modifier akses, inheritance, abstract, interface, polimorfisme (overloading dan overriding), serta penanganan eksepsi (try-catch-finally). Mampu merancang dan mengimplementasikan diagram kelas UML yang mencerminkan relasi inheritance, asosiasi, dan komposisi, serta menerjemahkannya ke dalam kode Java. Selain itu, mampu menerapkan dasar-dasar pengembangan antarmuka pengguna grafis (GUI) dan operasi File Input/Output (I/O) menggunakan Java. || Mampu menerapkan prinsip-prinsip Object-Oriented Programming (OOP) dalam perancangan dan implementasi kelas serta objek Java, meliputi pemahaman konsep dasar PBO, sintaks bahasa pemrograman seperti tipe data, variabel, operator, serta input/output konsol. Menguasai alur logika program menggunakan diagram alir, implementasi array 1D dan 2D, serta struktur kontrol percabangan (IF, Case) dan perulangan (While). Mampu membuat kelas dengan atribut private melalui getter dan setter untuk enkapsulasi data, serta memahami dan mengaplikasikan konsep inheritance, abstract, dan interface. Menguasai konsep polimorfisme, overriding, dan overloading dalam koding program, serta mampu mengidentifikasi jenis eksepsi dan menanganinya menggunakan blok try-catch-finally. Mampu mendesain class diagram menggunakan UML yang mencakup relasi inheritance, asosiasi, dan komposisi, serta menerjemahkannya ke dalam kode Java. Menguasai dasar-dasar pengembangan antarmuka pengguna grafis (GUI) menggunakan JavaFX dan dasar-dasar File I/O dalam Java.","Java/Python; Design Pattern; Class Design; OOP Principles; Java/Python, Design Pattern, Class Design, OOP Principles",Object-Oriented Programming,True,TelU_CLO_Paraphrase; TelU_CLO_Skill; TelU_Course_Summary,8,35
Pemrograman Dasar,,"Menjelaskan konsep variabel dan tipe data dalam Java Menerapkan konsep input/output, percabangan, dan perulangan Menerapkan array dalam pemrograman Membuat class, method, dan object dalam Java Menerapkan  exception handling  dalam pemrograman Membuat program Java untuk masalah komputasional dasar",,,False,ITS_Raw,6,36
Pemrograman Web,,Memahami arsitektur layanan berbasis web Mengemukakan teknologi pembuatan aplikasi web Menganalisis berbagai macam MVC framework Membangun aplikasi berbasis web dengan framework Mendemonstrasikan proses dan hasil pembangunan aplikasi web,,,False,ITS_Raw,5,37
Penambangan Data,3.0,"Mampu memodelkan kebutuhan infokom dalam konteks enterprise atau masyarakat Mampu menerapkan pengetahuan statistika fundamental dalam lingkup ilmu sistem informasi Mampu mengembangkan solusi berbasis sistem informasi menggunakan metodologi pengembangan yang tepat. Mampu menggunakan metode dan perangkat lunak terkini untuk menghasilkan solusi di bidang data dalam konteks kasus nyata Mampu melakukan eksplorasi data sesuai dengan jenis data dan kebutuhan informasi, meliputi statistik deskriptif, teknik sampling, jenis data dan skala pengukuran, serta visualisasi data. Menguasai penerapan metode statistika dalam pemodelan data mining, termasuk regresi linear, regresi logistik, K-Means clustering, K-Medoid clustering, Naive Bayes classification, dan Support Vector Machine, serta mampu menginterpretasikan hasil statistika deskriptif baik dalam bentuk data maupun visualisasi. Mampu menjelaskan konsep dasar, ruang lingkup, serta penerapan data mining dalam kasus nyata, serta mampu membuat pemodelan data yang sesuai dengan jenis data yang digunakan. Hal ini mencakup kemampuan dalam penggunaan aplikasi Python/R dan metode data mining untuk menggali informasi, melakukan pemodelan data melalui regresi, clustering, dan klasifikasi, serta menginterpretasikan model yang dihasilkan menjadi informasi yang utuh dan bermanfaat untuk pengambilan keputusan, termasuk penerapan deployment sederhana. Menguasai metodologi data mining termasuk KDD dan CRIPS-DM, serta mampu menjelaskan tahapan pemahaman bisnis, pemahaman data, pemodelan, evaluasi, dan deployment. Mampu mengaplikasikan tahapan data preprocessing secara riil menggunakan Python/R, meliputi data cleansing, reduksi data, penanganan nilai hilang, dan transformasi data, serta mengembangkan dashboard sederhana untuk memvisualisasikan hasil pemodelan. Mampu menerapkan metode data mining menggunakan Python/R untuk menghasilkan solusi pada kasus data nyata, meliputi tahapan preprocessing seperti data cleansing, reduksi data, penanganan nilai yang hilang, serta transformasi data. Menguasai pemodelan data dengan teknik regresi, clustering, dan klasifikasi, serta mampu menginterpretasikan model yang dihasilkan menjadi informasi yang utuh dan bermanfaat, termasuk melakukan deployment sederhana. Mampu melakukan eksplorasi data sesuai dengan jenis data dan kebutuhan informasi, meliputi statistik deskriptif, teknik sampling, jenis data dan skala pengukuran, serta visualisasi data. Menguasai penerapan metode statistika dalam pemodelan data mining, termasuk regresi linear, regresi logistik, K-Means clustering, K-Medoid clustering, Naive Bayes classification, dan Support Vector Machine, serta mampu menginterpretasikan hasil statistika deskriptif baik dalam bentuk data maupun visualisasi. || Mampu menjelaskan konsep dasar, ruang lingkup, serta penerapan data mining dalam kasus nyata, serta mampu membuat pemodelan data yang sesuai dengan jenis data yang digunakan. Hal ini mencakup kemampuan dalam penggunaan aplikasi Python/R dan metode data mining untuk menggali informasi, melakukan pemodelan data melalui regresi, clustering, dan klasifikasi, serta menginterpretasikan model yang dihasilkan menjadi informasi yang utuh dan bermanfaat untuk pengambilan keputusan, termasuk penerapan deployment sederhana. || Menguasai metodologi data mining termasuk KDD dan CRIPS-DM, serta mampu menjelaskan tahapan pemahaman bisnis, pemahaman data, pemodelan, evaluasi, dan deployment. Mampu mengaplikasikan tahapan data preprocessing secara riil menggunakan Python/R, meliputi data cleansing, reduksi data, penanganan nilai hilang, dan transformasi data, serta mengembangkan dashboard sederhana untuk memvisualisasikan hasil pemodelan. || Mampu menerapkan metode data mining menggunakan Python/R untuk menghasilkan solusi pada kasus data nyata, meliputi tahapan preprocessing seperti data cleansing, reduksi data, penanganan nilai yang hilang, serta transformasi data. Menguasai pemodelan data dengan teknik regresi, clustering, dan klasifikasi, serta mampu menginterpretasikan model yang dihasilkan menjadi informasi yang utuh dan bermanfaat, termasuk melakukan deployment sederhana.","Classification; Clustering; Association Rule; Predictive Modeling; Classification, Clustering, Association Rule, Predictive Modeling",Data Mining,True,TelU_CLO_Paraphrase; TelU_CLO_Skill; TelU_Course_Summary,9,38
Pengantar Ekonomi dan Bisnis,,"Menjelaskan gagasan besar teori dan praktek ekonomi modern Menjabarkan gagasan besar perniagaan, perdagangan, dan manajemen Menguraikan strategi bisnis utama pebisnis terkemuka Menggali pola pikir ekonom besar untuk menyederhanakan konsep sulit",,,False,ITS_Raw,4,39
Pengantar Sistem Informasi,3.0,"Mahasiswa mampu menjelaskan peran profesi sistem informasi dalam upaya pembangunan berkelanjutan. Mampu menjelaskan peran dari sistem dan teknologi informasi dalam konteks individu, bisnis, maupun organisasi. Mampu menganalisis nilai dan risiko dari penggunaan sistem dan teknologi informasi. Mampu memodelkan penyelenggaraan sistem informasi di konteks organisasi. Mata kuliah ini merupakan mata kuliah pengantar yang akan membahas berbagai bidang yang terkait dengan sistem informasi sebagai bentuk pengenalan kepada para mahasiswa. Materi yang diajarkan pada mata kuliah ini akan dipelajari lebih lanjut pada mata kuliah lain di dalam kurikulum program studi.","IS Strategy; Digital Transformation; IT Infrastructure; IS Governance; IS Strategy, Digital Transformation, IT Infrastructure, IS Governance",Information Systems Fundamentals,True,TelU_CLO_Skill; TelU_Course_Summary,5,40
Pengantar Teknologi Elektro dan Informatika Cerdas,,Memahami definisi dan komponen Sistem Informasi Memahami peran Sistem Informasi dalam bisnis Membedakan jenis-jenis SI dan memberikan contoh aplikatif dalam organisasi/bisnis Menjelaskan tren dan teknologi terkini dalam Sistem Informasi Mengonsepkan sistem informasi yang berguna bagi masyarakat,,,False,ITS_Raw,5,41
Pengembangan Aplikasi Website,3.0,"PLO02-CLO03 - Mampu mengimplementasikan solusi berbasis sistem informasi menggunakan metodologi pengembangan yang tepat. PLO08-CLO04 - Mampu menggunakan teknik, keahlian, dan perangkat dalam pengembangan aplikasi dan integrasinya dalam konteks kasus nyata Mampu menjelaskan perbedaan teknologi server-side dan client-side serta menerapkan HTML menggunakan tag heading, body, text, table, dan media, serta mengaplikasikan style CSS internal, eksternal, dan inline pada perancangan halaman website sederhana. Menguasai penggunaan class Bootstrap, sintaks lanjutan PHP seperti request, session, dan cookies pada halaman form, serta mampu melakukan operasi create, update, dan delete pada database menggunakan PHP dasar. Selain itu, mampu membangun solusi aplikasi berbasis web menggunakan kerangka kerja Laravel berdasarkan studi kasus tertentu dan memuat aplikasi yang dibangun pada hosting. Mampu menggunakan pemrograman Server-Side berbasis web dengan PHP, meliputi pengkondisian, perulangan, operator, variabel, array, request, session, dan cookies, serta mengintegrasikan halaman website dengan database melalui operasi create, update, dan delete, baik tanpa maupun dengan form. Menguasai konsep Model View Controller pada kerangka kerja Laravel, termasuk skema migration, seed, sintaks dasar Artisan, serta penggunaan model, controller, view, dan route sederhana untuk kasus CRUD produk. Mampu menggunakan alat kolaborasi kode seperti Git untuk push, pull, dan penyelesaian konflik, serta menerapkan kerangka kerja Laravel dalam pembangunan aplikasi berbasis web berdasarkan studi kasus, termasuk memuat aplikasi yang dibangun pada sebuah hosting. Mampu menjelaskan perbedaan teknologi server-side dan client-side serta menerapkan HTML menggunakan tag heading, body, text, table, dan media, serta mengaplikasikan style CSS internal, eksternal, dan inline pada perancangan halaman website sederhana. Menguasai penggunaan class Bootstrap, sintaks lanjutan PHP seperti request, session, dan cookies pada halaman form, serta mampu melakukan operasi create, update, dan delete pada database menggunakan PHP dasar. Selain itu, mampu membangun solusi aplikasi berbasis web menggunakan kerangka kerja Laravel berdasarkan studi kasus tertentu dan memuat aplikasi yang dibangun pada hosting. || Mampu menggunakan pemrograman Server-Side berbasis web dengan PHP, meliputi pengkondisian, perulangan, operator, variabel, array, request, session, dan cookies, serta mengintegrasikan halaman website dengan database melalui operasi create, update, dan delete, baik tanpa maupun dengan form. Menguasai konsep Model View Controller pada kerangka kerja Laravel, termasuk skema migration, seed, sintaks dasar Artisan, serta penggunaan model, controller, view, dan route sederhana untuk kasus CRUD produk. Mampu menggunakan alat kolaborasi kode seperti Git untuk push, pull, dan penyelesaian konflik, serta menerapkan kerangka kerja Laravel dalam pembangunan aplikasi berbasis web berdasarkan studi kasus, termasuk memuat aplikasi yang dibangun pada sebuah hosting.","Backend Development; Web Framework; Backend Development, Web Framework",Web Development,True,TelU_CLO_Paraphrase; TelU_CLO_Skill; TelU_Course_Summary,5,42
Pengembangan Sistem Cerdas,3.0,"[PLO01-CLO01] Mampu memahami konsep- konsep dasar sistem cerdas [PLO02-CLO04] Mampu merancang, membuat arsitektur, dan menerapkan teknik- teknik sistem cerdas pada studi kasus spesifik sbg project based learning [PLO08-CLO03] Mampu memahami beberapa teknik dasar sistem cerdas utk klasifikasi seper Decision Tree dan NN [PLO-1] [PLO1] Mampu menganalisis permasalahan infokom yang komplek, mendefinLisikan, dan memodelkan kebutuhan dalam konteks enterprise Eatau masyarakat dengan menerapkan ilmu dan pengetahuan dalam bidang komputasi, teknologi informasi dan komunikasi, dan disiplin lain yang relevan O K [CLO-1][PLO01-CLO01] Mampu memahami konsep-konsep dasar sistem cerdas T [PLO-2] [PLO2] Mampu merancang, mengembangkan, mengimplementasikan, dan mengevaluasi solusi berbasis sistem informasi untuk memenuhi kebutuhan organisasi menuju data- driven organizaon [CLO-4][PLO02-CLO04] Mampu merancang, membuat arsitektur, dan menerapkan teknik-teknik sistem cerdas pada studi kasus spesifik sbg project based learning [PLO-8] [PL08] Mampu menggunakan metode, teknik, keahlian, atau perangkat terkini yang diperlukan untuk menghasilkan solusi di bidang sistem informasi, baik dalam konteks prakkum ataupun kasus nyata","Machine Learning; Decision Tree/KNN/SVM; Neural Network; AI Application; Machine Learning, Decision Tree/KNN/SVM, Neural Network, AI Application",Intelligent Systems,True,TelU_CLO_Skill; TelU_Course_Summary,9,43
Pengembangan Sistem dan Operasi,,"Memahami DevOps, kasus bisnis, dan dasarnya Mengkaji dan mengembangkan ide inovatif TI Menggali kebutuhan dan merancang integrasi sistem",,,False,ITS_Raw,3,44
Pengolahan Bahasa Alami,,"Memahami dasar konseptual pengolahan bahasa alami Merancang skema encoding bahasa alami sederhana Menerapkan pemodelan bahasa sederhana Mengidentifikasi teknik prapemrosesan bahasa yang tepat Menerapkan teknik analisis data pada teks bahasa alami Menerapkan langkah pembuatan data set bahasa alami Membuat, mengevaluasi, dan merekomendasikan model NLP",,,False,ITS_Raw,7,45
Perancangan & Pengembangan Perangkat Lunak,,Menguraikan konsep OOAD dan berbagai diagram UML Menerapkan analisis dan perancangan dengan Iconic process Menganalisis konsep konstruksi perangkat lunak Menguji perangkat lunak sampai level unit Membangun perangkat lunak skala kecil menengah,,,False,ITS_Raw,5,46
Perancangan Interaksi,3.0,"Mampu menjelaskan dasar perancangan interaksi Mampu mengindetifikasi permasalahan dan mendefinisikan kebutuhan sistem Mampu menerapkan prinsip dan style interaksi dalam setiap proses perancangan interaksi Mampu menguji produk dengan metode pengujian usability Mampu mengkomunikasikan hasil perancangan interaksi dalam sebuah forum Mampu menjelaskan dasar perancangan interaksi yang meliputi definisi, proses, serta konsep mental model, dan menerapkan proses perancangan interaksi dalam praktik. Mampu mengidentifikasi permasalahan dan mendefinisikan kebutuhan sistem melalui proses ideation studio, termasuk teknik sketching. Mampu menjelaskan prinsip-prinsip interaksi yang meliputi prinsip usability, prinsip interaksi, Gestalt, dan desain pattern, serta mampu menjelaskan berbagai gaya interaksi. Menguasai penerapan prinsip-prinsip interaksi dan gaya interaksi menggunakan tools Figma, termasuk perancangan sistem perilaku. Mampu menguji produk menggunakan metode pengujian usability yang didasari pengenalan terhadap user research. Mampu mengkomunikasikan hasil perancangan interaksi dalam sebuah forum. Mampu menjelaskan dasar perancangan interaksi yang meliputi definisi, proses, serta konsep mental model, dan menerapkan proses perancangan interaksi dalam praktik. || Mampu mengidentifikasi permasalahan dan mendefinisikan kebutuhan sistem melalui proses ideation studio, termasuk teknik sketching. || Mampu menjelaskan prinsip-prinsip interaksi yang meliputi prinsip usability, prinsip interaksi, Gestalt, dan desain pattern, serta mampu menjelaskan berbagai gaya interaksi. Menguasai penerapan prinsip-prinsip interaksi dan gaya interaksi menggunakan tools Figma, termasuk perancangan sistem perilaku. || Mampu menguji produk menggunakan metode pengujian usability yang didasari pengenalan terhadap user research. || Mampu mengkomunikasikan hasil perancangan interaksi dalam sebuah forum.","UX Research; UI Prototyping; Usability Testing; Wireframing; UX Research, UI Prototyping, Usability Testing, Wireframing",Interaction Design,True,TelU_CLO_Paraphrase; TelU_CLO_Skill; TelU_Course_Summary,11,47
Perencanaan Strategis SI/TI,,"Menjelaskan konsep TI sebagai aset strategis Membangun Perencanaan Strategis organisasi (SWOT, BSC) Menganalisis Strategi TI dengan berbagai metode Merancang Enterprise Architecture (TOGAF)",,,False,ITS_Raw,4,48
Probabilistik dan Statistika untuk TI,,"Memahami terminologi, konsep dasar dan kegunaan statistika Memahami beberapa metode pengumpulan data secara kuantitatif Merumuskan hipotesa dan menarik inferensi data sesuai skala data Menyusun dan mengimplementasikan instrumen pengumpulan data Memahami probabilitas dan  random variable distribution Memahami dasar  inferential statistics : data numerikal dan kategorikal",,,False,ITS_Raw,6,49
Proteksi Aset Informasi,,Memahami pengetahuan keamanan informasi Mengemukakan metode proteksi fisik dan teknikal aset informasi Menganalisis dan menerapkan perencanaan security,,,False,ITS_Raw,3,50
Proyek Perangkat Lunak,3.0,"[PLO01-CLO04] Mampu menganalisis permasalahan dalam bidang infokom dalam konteks enterprise atau masyarakat [PLO02-CLO04] Mampu mengevaluasi solusi berbasis sistem informasi dengan menggunakan metode yang tepat [PLO03-CLO01] Mampu berinisiaf dan bertanggungjawab untuk menyelesaikan berbagai tugas dalam m M [PLO08-CLO03] Mampu menggunakan metode atau perangkat lunak tertentu dalam keilmuan sistem informasi dalam konteks penelian atau proyek nyata [PLO-1] [PLO1] Mampu menganalisis permasalahan infokom yang komplek, mendefinisikan, dan memodelkan kebutuhan dalam konteks enterprise atau masyarakat dengan menerapkan ilmu dan pengetahuan dalam bidang komputasi, teknologi informasi dan komunikasi, dan disiplin lain yang relevan [CLO-1][PLO01-CLO04] Mampu menganalisis permasalahan dalam bidang infokom dalam konteks enterprise atau masyarakat [PLO-5] [PLO5] Mampu berkomunikasi secara efekf baik lisan maupun tulisan dalam berbagai konteks profesional [PLO-3] [PLO3] Mampu untuk bekerja secara kolaboraf, proakf, dan bertanggungjawab dalam m untuk mencapai tujuan bersama dalam berbagai kontek profesional Menguasai konsep rekayasa perangkat lunak yang meliputi pengantar teknik pengembangan perangkat lunak, metode Siklus Hidup Pengembangan Perangkat Lunak (SDLC), serta urgensi dan aktivitas utama dalam rekayasa kebutuhan, pengembangan, dan pengujian perangkat lunak. Mampu menjelaskan konsep implementasi perangkat lunak termasuk product planning dan requirement management menggunakan mockup dan prototyping, serta product envisioning, sembari memahami filosofi munculnya Agile dalam konteks rekayasa perangkat lunak, perbedaan dengan plan-driven development, serta berbagai model pengembangan perangkat lunak berbasis Agile. Mampu menjelaskan pengelolaan proyek berbasis agile menggunakan kerangka kerja SCRUM, meliputi karakteristik, proses, aktivitas, dan artefak, serta konsep product envisioning melalui product planning dan requirement management menggunakan mockup serta prototyping. Menguasai proses dan teknologi kolaborasi tim virtual termasuk penggunaan alat kolaborasi dan sistem versioning seperti Git/Github, serta mampu menyusun dokumen perencanaan proyek dan product backlog. Selain itu, mampu melakukan estimasi terhadap item product backlog yang akan diimplementasikan dan menjalankan seluruh aktivitas dalam proses Sprint. Mampu memanfaatkan alat kolaborasi dan sistem versioning (Git/Github) dalam kerangka kerja Scrum untuk menghasilkan produk perangkat lunak berdasarkan rencana Sprint yang disusun, serta mampu menjelaskan proses dan teknologi pengelolaan kolaborasi tim secara virtual. Menguasai perumusan langkah-langkah serta pelaksanaan seluruh aktivitas dalam Sprint 1 dan Sprint 2, meliputi Sprint Review, Sprint Retrospective, Sprint Planning, dan Daily Meeting. Mampu menjalankan seluruh aktivitas yang dirumuskan dalam proses SPRINT, meliputi Sprint Retrospective, Sprint Planning, Daily Meeting, dan Sprint Review, dengan ketepatan dalam merumuskan langkah-langkah serta mengeksekusi setiap tahapan. Menguasai konsep rekayasa perangkat lunak yang meliputi pengantar teknik pengembangan perangkat lunak, metode Siklus Hidup Pengembangan Perangkat Lunak (SDLC), serta urgensi dan aktivitas utama dalam rekayasa kebutuhan, pengembangan, dan pengujian perangkat lunak. Mampu menjelaskan konsep implementasi perangkat lunak termasuk product planning dan requirement management menggunakan mockup dan prototyping, serta product envisioning, sembari memahami filosofi munculnya Agile dalam konteks rekayasa perangkat lunak, perbedaan dengan plan-driven development, serta berbagai model pengembangan perangkat lunak berbasis Agile. || Mampu menjelaskan pengelolaan proyek berbasis agile menggunakan kerangka kerja SCRUM, meliputi karakteristik, proses, aktivitas, dan artefak, serta konsep product envisioning melalui product planning dan requirement management menggunakan mockup serta prototyping. Menguasai proses dan teknologi kolaborasi tim virtual termasuk penggunaan alat kolaborasi dan sistem versioning seperti Git/Github, serta mampu menyusun dokumen perencanaan proyek dan product backlog. Selain itu, mampu melakukan estimasi terhadap item product backlog yang akan diimplementasikan dan menjalankan seluruh aktivitas dalam proses Sprint. || Mampu memanfaatkan alat kolaborasi dan sistem versioning (Git/Github) dalam kerangka kerja Scrum untuk menghasilkan produk perangkat lunak berdasarkan rencana Sprint yang disusun, serta mampu menjelaskan proses dan teknologi pengelolaan kolaborasi tim secara virtual. Menguasai perumusan langkah-langkah serta pelaksanaan seluruh aktivitas dalam Sprint 1 dan Sprint 2, meliputi Sprint Review, Sprint Retrospective, Sprint Planning, dan Daily Meeting. || Mampu menjalankan seluruh aktivitas yang dirumuskan dalam proses SPRINT, meliputi Sprint Retrospective, Sprint Planning, Daily Meeting, dan Sprint Review, dengan ketepatan dalam merumuskan langkah-langkah serta mengeksekusi setiap tahapan.","SDLC; CI/CD; Software Testing; Version Control; SDLC, CI/CD, Software Testing, Version Control",Software Engineering,True,TelU_CLO_Paraphrase; TelU_CLO_Skill; TelU_Course_Summary,13,51
Rekayasa Kebutuhan Perangkat Lunak,,"Memahami definisi dan pentingnya rekayasa kebutuhan perangkat lunak Memahami konsep, model, dan peran dalam proses rekayasa kebutuhan Memahami konsep elisitasi dan teknik penggalian kebutuhan Memahami teknik analisis, validasi, dan dokumentasi kebutuhan (SKPL/SRS) Memahami fenomena perubahan kebutuhan perangkat lunak yang dinamis",,,False,ITS_Raw,5,52
Rekayasa Proses Bisnis,3.0,"[PLO01-CLO04] Mampu menganalisis permasalahan dalam bidang infokom dalam konteks enterprise atau masyarakat. [PLO08-CLO05] Mampu menggunakan teknik, metode, perangkat lunak terkini untuk menghasilkan solusi di bidang pengelolaan fungsi dan bisnis organisasi dalam konteks kasus nyata. [PLO09-CLO06] Mampu mengusulkan perbaikan arsitektur atau pengelolaan sistem informasi untuk mendukung tujuan organisasi. [PLO-1] [PLO1] Mampu menganalisis permasalahan infokom yang komplek, mendefinisikan, dan memodelkan kebutuhan dalam konteks enterprise atau masyarakat dengan menerapkan ilmu dan pengetahuan dalam bidang komputasi, teknologi informasi dan komunikasi, dan disiplin lain yang relevan [CLO-1][PLO01-CLO04] Mampu menganalisis permasalahan dalam bidang infokom dalam konteks enterprise atau masyarakat. [PLO-5] [PLO5] Mampu berkomunikasi secara efekf baik lisan maupun tulisan dalam berbagai konteks profesional [PLO-9] [LPLO9] Mampu mendukung penyelenggaraan, Epenggunaan, pengelolaan, evaluasi, dan peningkatan Sistem Informasi untuk mencapai tujuan dan sasaran strategi bisnis dari organisasi. K [CLO-4][PLO09-CLO06] Mampu mengusulkan perbaikan arsitektur atau pengelolaan sistem informasi untuk mendukung tujuan organisasi.","Process Optimization; Performance Measurement; Change Management; BPR Methodology; Process Optimization, Performance Measurement, Change Management, BPR Methodology",Business Process Reengineering,True,TelU_CLO_Skill; TelU_Course_Summary,9,53
Riset Operasi,,"Mendefinisikan dan memodelkan permasalahan optimasi Menyelesaikan model dengan metode grafis maupun simpleks Menemukan informasi tambahan dari solusi optimal (analisa post optimal/sensitivitas) Menyelesaikan model pemrograman integer Menyelesaikan model khusus (transportasi, penugasan)",,,False,ITS_Raw,5,54
SI Capstone,,Mempraktikkan manajemen proyek tangkas Mempraktikkan perencanaan dan pengembangan perangkat lunak Mengimplementasikan pembelajaran berbasis proyek di lingkungan Mendemonstrasikan hasil implementasi proyek,,,False,ITS_Raw,4,55
Sistem Basis Data,3.0,"PLO01-CLO03 - Mampu mengidentifikasi kebutuhan sistem informasi dalam konteks enterprise atau masyarakat PLO02-CLO01 - Mampu membuat perancangan sistem informasi untuk memenuhi kebutuhan organisasi menuju data-driven organization PLO01-CLO08 - Mampu memahami konsep dasar bidang infokom yang digunakan dalam lingkup disiplin ilmu sistem informasi PLO08-CLO01 - Mampu menggunakan metode dan perangkat lunak terkini untuk menghasilkan solusi di bidang data dalam konteks kasus nyata Mampu mengidentifikasi kebutuhan sistem informasi dalam konteks enterprise atau masyarakat dengan memahami konsep, definisi, serta manfaat pemodelan basis data, meliputi jenis-jenis pemodelan data seperti object-based logical model dan record-based logical model, serta pengenalan Entity-Relationship Diagram (ERD). Menguasai definisi, jenis, notasi entity dan relationship, serta elemen penyusun ERD, kemudian mampu menganalisis, mendefinisikan, merancang ERD pada kasus tertentu, serta memahami definisi model relasional dan transformasi ERD ke model relasional. Selain itu, mampu melakukan normalisasi minimal sampai normal ke-3 pada kasus tertentu, serta mengimplementasikan Data Definition Language (DDL) dan Data Manipulation Language (DML). Mampu merancang dan mengimplementasikan sistem manajemen data dengan menguasai perintah Data Definition Language (DDL) seperti `CREATE`, `ALTER`, `DROP`, serta Data Manipulation Language (DML) termasuk `SELECT`, `INSERT`, `UPDATE`, dan `DELETE` pada MySQL. Menguasai penggunaan berbagai jenis `Key`, `referential integrity constraint`, serta perintah SQL lanjutan seperti operasi himpunan (`UNION`, `INTERSECT`, `EXCEPT`), operator aritmatika, logika (`AND`, `OR`, `NOT`), agregasi (`SUM`, `AVG`, `MIN`, `MAX`), operator relasi, pembanding (`WILDCARD`, `BETWEEN`, `IN`, `DISTINCT`, `LIMIT`, `IS NULL`), `GROUP BY`, `ORDER BY`, `JOIN` (`CROSS`, `NATURAL`, `LEFT`, `RIGHT`, `INNER`), serta `SUB-QUERIES`. Mampu memahami konsep `ERD` dan `Normalisasi`, serta mengembangkan solusi data menggunakan `Trigger`, `Stored Procedure`, dan perintah Data Control Language (DCL) seperti `GRANT` dan `REVOKE`. Mampu menjelaskan konsep NoSQL database untuk berbagai permasalahan, meliputi pemahaman mendalam mengenai jenis-jenisnya seperti Key-value, Document, Column-oriented, dan Graph database. Mampu mengelola struktur basis data relasional menggunakan perintah `CREATE`, `ALTER`, dan `DROP` pada MySQL, serta menerapkan berbagai jenis `KEY` dan `referential integrity constraint` secara tepat. Menguasai operasi manipulasi data `SELECT`, `INSERT`, `UPDATE`, dan `DELETE` beserta operasi lanjutan pada Data Manipulation Language (DML). Mampu mengidentifikasi kebutuhan sistem informasi dalam konteks enterprise atau masyarakat dengan memahami konsep, definisi, serta manfaat pemodelan basis data, meliputi jenis-jenis pemodelan data seperti object-based logical model dan record-based logical model, serta pengenalan Entity-Relationship Diagram (ERD). Menguasai definisi, jenis, notasi entity dan relationship, serta elemen penyusun ERD, kemudian mampu menganalisis, mendefinisikan, merancang ERD pada kasus tertentu, serta memahami definisi model relasional dan transformasi ERD ke model relasional. Selain itu, mampu melakukan normalisasi minimal sampai normal ke-3 pada kasus tertentu, serta mengimplementasikan Data Definition Language (DDL) dan Data Manipulation Language (DML). || Mampu merancang dan mengimplementasikan sistem manajemen data dengan menguasai perintah Data Definition Language (DDL) seperti `CREATE`, `ALTER`, `DROP`, serta Data Manipulation Language (DML) termasuk `SELECT`, `INSERT`, `UPDATE`, dan `DELETE` pada MySQL. Menguasai penggunaan berbagai jenis `Key`, `referential integrity constraint`, serta perintah SQL lanjutan seperti operasi himpunan (`UNION`, `INTERSECT`, `EXCEPT`), operator aritmatika, logika (`AND`, `OR`, `NOT`), agregasi (`SUM`, `AVG`, `MIN`, `MAX`), operator relasi, pembanding (`WILDCARD`, `BETWEEN`, `IN`, `DISTINCT`, `LIMIT`, `IS NULL`), `GROUP BY`, `ORDER BY`, `JOIN` (`CROSS`, `NATURAL`, `LEFT`, `RIGHT`, `INNER`), serta `SUB-QUERIES`. Mampu memahami konsep `ERD` dan `Normalisasi`, serta mengembangkan solusi data menggunakan `Trigger`, `Stored Procedure`, dan perintah Data Control Language (DCL) seperti `GRANT` dan `REVOKE`. || Mampu menjelaskan konsep NoSQL database untuk berbagai permasalahan, meliputi pemahaman mendalam mengenai jenis-jenisnya seperti Key-value, Document, Column-oriented, dan Graph database. || Mampu mengelola struktur basis data relasional menggunakan perintah `CREATE`, `ALTER`, dan `DROP` pada MySQL, serta menerapkan berbagai jenis `KEY` dan `referential integrity constraint` secara tepat. Menguasai operasi manipulasi data `SELECT`, `INSERT`, `UPDATE`, dan `DELETE` beserta operasi lanjutan pada Data Manipulation Language (DML). Memahami tahapan daur hidup pengembangan sistem basis data dan arsitekturnya Mendesain basis data konseptual menggunakan pemodelan data tingkat tinggi Mendesain basis data logikal menggunakan model data relasional Menspesifikasikan definisi, query, dan manipulasi data relasional Memahami metodologi desain basis data fisik dan implementasinya","SQL; Database Design; Normalization; Query Optimization; SQL, Database Design, Normalization, Query Optimization",Database Systems,True,ITS_Raw; TelU_CLO_Paraphrase; TelU_CLO_Skill; TelU_Course_Summary,14,56
Sistem Data-Intensif,,Memahami Metrik dari sistem data-intensif Mendemonstrasikan Komponen sistem data-intensif Merancang dan Membangun sistem berbasis polygot persistance,,,False,ITS_Raw,3,57
Sistem Enterprise,3.0,"[PLO-9] CLO-1 Mampu memahami prinsip dan fungsi manajemen Sistem Informasi untuk mendukung strategi bisnis [PLO-8] CLO-2 Mampu menggunakan teknik, metode, perangkat lunak, atau kakas terkini untuk menghasilkan solusi di bidang sistem informasi dalam konteks kasus nyata Mampu mengutarakan proses bisnis pada fungsi produksi, marketing dan sales, serta distribusi dalam perusahaan, yang meliputi konsep produksi, aktivitas marketing dan sales, serta konsep sales dan distribusi. Menguasai penggunaan perangkat lunak Enterprise Resource Planning (ERP) pada tahap awal dan sertifikasi, termasuk pemahaman konsep ERP pada persiapan produksi, konsep akuntansi pada modul Financials, serta konsep sumber daya manusia (human resources) dan teknologi informasi (Information Technology) pada sistem ERP. Mampu membedakan serta menjelaskan berbagai fungsi konsep integrasi sistem, termasuk evolusi sistem informasi dalam organisasi, area fungsional sistem informasi, serta hubungan antara fungsi bisnis dan proses bisnis dengan sistem ERP. Mengemukakan konsep sistem di organisasi, sistem ERP, serta sistem integrasi dan hubungannya dalam organisasi. Menguraikan proses akuntansi dan keuangan, manajemen sumber daya manusia, serta manajemen hubungan pelanggan pada perusahaan. Mengidentifikasi fungsi dan proses bisnis yang berjalan pada sebuah perusahaan serta pemanfaatan sistem enterprise dalam membantu aktivitas organisasi. Mampu mengutarakan proses bisnis pada fungsi produksi, marketing dan sales, serta distribusi dalam perusahaan, yang meliputi konsep produksi, aktivitas marketing dan sales, serta konsep sales dan distribusi. Menguasai penggunaan perangkat lunak Enterprise Resource Planning (ERP) pada tahap awal dan sertifikasi, termasuk pemahaman konsep ERP pada persiapan produksi, konsep akuntansi pada modul Financials, serta konsep sumber daya manusia (human resources) dan teknologi informasi (Information Technology) pada sistem ERP. || Mampu membedakan serta menjelaskan berbagai fungsi konsep integrasi sistem, termasuk evolusi sistem informasi dalam organisasi, area fungsional sistem informasi, serta hubungan antara fungsi bisnis dan proses bisnis dengan sistem ERP. Mengemukakan konsep sistem di organisasi, sistem ERP, serta sistem integrasi dan hubungannya dalam organisasi. Menguraikan proses akuntansi dan keuangan, manajemen sumber daya manusia, serta manajemen hubungan pelanggan pada perusahaan. Mengidentifikasi fungsi dan proses bisnis yang berjalan pada sebuah perusahaan serta pemanfaatan sistem enterprise dalam membantu aktivitas organisasi. Memahami konsep dan aspek-aspek dasar dalam sistem enterprise Menjabarkan proses bisnis ERP, siklus hidupnya, dan integrasi CRM/SCM Merencanakan integrasi proses bisnis dengan open source ERP Mempraktikkan integrasi proses bisnis dengan ERP proprietary","ERP; SAP/Oracle; ERP, SAP/Oracle",Enterprise Systems,True,ITS_Raw; TelU_CLO_Paraphrase; TelU_CLO_Skill; TelU_Course_Summary,9,58
Sistem Informasi Akuntansi,3.0,"Mampu menganalisis prinsip dan fungsi manajemen Sistem Informasi untuk mendukung strategi bisnis Mampu memodelkan kebutuhan infokom dalam konteks enterprise atau masyarakat Mampu menggunakan kakas dalam pengelolaan sistem informasi perusahaan berbasis ERP Mampu memahami konsep dasar bidang infokom yang digunakan dalam lingkup disiplin ilmu sistem informasi Mata kuliah ini mengajarkan Sistem Informasi Akuntansi mulai dari memahami, menganalisis, menggunakan, dan memodelkan konsep pembelajaran Sistem Akuntansi dan tahapan penyusunan laporan yang terjadi di lingkungan perusahaan dan pemerintah sehingga memiliki kualitas layanan yang kompeten. Disamping mempelajari teori mata kuliah ini juga menekankan p","Financial Reporting; Transaction Processing; AIS Design; Internal Control; Financial Reporting, Transaction Processing, AIS Design, Internal Control",Accounting Information Systems,True,TelU_CLO_Skill; TelU_Course_Summary,5,59
Sistem Keputusan Berbasis Model,,"Memahami konsep sistem, model, dan simulasi Memahami faktor dan lingkungan pengambilan keputusan Mengembangkan model simulasi system dynamics Mengembangkan skenario model prediksi dan analisis sensitivitas Menganalisis sistem keputusan berbasis model",,,False,ITS_Raw,5,60
Sistem Operasi,3.0,"Mampu merancang, mengembangkan, mengimplementasikan, dan mengevaluasi solusi berbasis sistem informasi untuk memenuhi kebutuhan organisasi menuju data-driven organization Mampu mengimplementasikan solusi berbasis sistem informasi menggunakan metodologi pengembangan yang tepat Mampu menggunakan metode tertentu dalam keilmuan sistem informasi dalam konteks penelitian atau proyek nyata Mampu menggunakan teknik, keahlian, dan perangkat dalam pengembangan aplikasi dan integrasinya dalam konteks kasus nyata Menguasai konsep dasar sistem operasi komputer, termasuk arsitektur sistem, manajemen proses, serta fungsi containerisasi dan virtualisasi, dan mampu menerapkan administrasi dasar sistem operasi Linux serta mengidentifikasi proses-proses di dalamnya untuk merancang, mengembangkan, mengimplementasikan, dan mengevaluasi solusi berbasis sistem informasi yang mendukung organisasi menuju organisasi berbasis data. Mampu mengimplementasikan solusi berbasis sistem informasi dengan menerapkan metodologi pengembangan yang tepat, meliputi manajemen pengguna dan grup, administrasi dasar Linux dan manajemen grup volume, serta praktik containerisasi dan administrasi volume disk. Kompetensi ini juga mencakup identifikasi layanan server dasar pada protokol aplikasi seperti DNS, HTTP, dan Mail, serta pemahaman proses dan administrasi dasar sistem. Mampu menerapkan metode sistem informasi dalam konteks penelitian atau proyek nyata dengan mengidentifikasi service dasar, protokol dan teknologi layer aplikasi TCP/IP seperti DNS, HTTP, dan SSH, serta fungsi mail server dan protokolnya, termasuk identifikasi repository server dan praktik implementasi mail server serta proteksi firewall pada Linux Server. Mampu menggunakan teknik, keahlian, dan perangkat dalam pengembangan aplikasi serta integrasinya pada kasus nyata, meliputi identifikasi fungsi monitoring sistem, fungsi kontrol akses dan proteksi IP, port, serta layanan, manajemen keamanan sistem melalui monitoring dan logging, serta penerapan manajemen layanan yang sesuai dengan teknologi dan protokol. Menguasai konsep dasar sistem operasi komputer, termasuk arsitektur sistem, manajemen proses, serta fungsi containerisasi dan virtualisasi, dan mampu menerapkan administrasi dasar sistem operasi Linux serta mengidentifikasi proses-proses di dalamnya untuk merancang, mengembangkan, mengimplementasikan, dan mengevaluasi solusi berbasis sistem informasi yang mendukung organisasi menuju organisasi berbasis data. || Mampu mengimplementasikan solusi berbasis sistem informasi dengan menerapkan metodologi pengembangan yang tepat, meliputi manajemen pengguna dan grup, administrasi dasar Linux dan manajemen grup volume, serta praktik containerisasi dan administrasi volume disk. Kompetensi ini juga mencakup identifikasi layanan server dasar pada protokol aplikasi seperti DNS, HTTP, dan Mail, serta pemahaman proses dan administrasi dasar sistem. || Mampu menerapkan metode sistem informasi dalam konteks penelitian atau proyek nyata dengan mengidentifikasi service dasar, protokol dan teknologi layer aplikasi TCP/IP seperti DNS, HTTP, dan SSH, serta fungsi mail server dan protokolnya, termasuk identifikasi repository server dan praktik implementasi mail server serta proteksi firewall pada Linux Server. || Mampu menggunakan teknik, keahlian, dan perangkat dalam pengembangan aplikasi serta integrasinya pada kasus nyata, meliputi identifikasi fungsi monitoring sistem, fungsi kontrol akses dan proteksi IP, port, serta layanan, manajemen keamanan sistem melalui monitoring dan logging, serta penerapan manajemen layanan yang sesuai dengan teknologi dan protokol.","Process Management; Memory Management; Linux Administration; File System; Process Management, Memory Management, Linux Administration, File System",Operating Systems,True,TelU_CLO_Paraphrase; TelU_CLO_Skill; TelU_Course_Summary,9,61
Tata Kelola Keamanan Informasi,,Menjelaskan konsep tatakelola keamanan informasi Memahami konsep manajemen resiko keamanan informasi Memahami konsep manajemen keamanan siber Memahami konsep dalam jaminan keamanan siber Memahami tahapan penyusunan dokumen berbasis COBIT,,,False,ITS_Raw,5,62
Tata Kelola dan Audit TI,,Memahami konsep Sistem Pengendalian Internal dan Tatakelola TI Memahami COBIT sebagai kerangka kerja Tatakelola TI Memahami dasar-dasar audit TI Memahami tahapan audit lingkungan TI,,,False,ITS_Raw,4,63
Tata Kelola dan Manajemen Teknologi Informasi,3.0,"Mampu menganalisis permasalahan yang kompleks dalam bidang infokom dalam konteks enterprise atau masyarakat Mampu menggunakan teknik, metode, perangkat lunak, atau kakas terkini untuk menghasilkan solusi di bidang sistem informasi dalam konteks kasus nyata Mampu mengevaluasi kinerja sistem informasi dan mengusulkan perbaikan untuk meningkatkan kontribusi sistem informasi terhadap tujuan bisnis organisasi. Memahami konsep tata kelola dan manajemen TI (TKMTI) berdasarkan kerangka kerja praktik industri, meliputi pengantar, komponen, area fokus, serta faktor desain COBIT 2019, termasuk sebelas faktor penentuan tujuan prioritas dan tujuh komponen sistem TKMTI pada lima domain terkait, serta mampu menjelaskan framework pengukuran kondisi TKMTI di industri. Mampu menjelaskan konsep tata kelola dan manajemen Teknologi Informasi (TKMTI) serta sebelas faktor desain untuk penentuan tujuan TKMTI prioritas, termasuk tujuh komponen sistem TKTMI pada lima domain terkait. Hal ini mencakup ketepatan dalam menjelaskan framework untuk mengukur kondisi TKMTI di Industri berdasarkan domain Tata Kelola TI (EDM), Manajemen Perencanaan dan SDM TI (APO), Manajemen Proyek dan Pembangunan Solusi TI (BAI), Manajemen Operasi dan Layanan TI (DSS), serta Manajemen Mutu, Kinerja, dan Kepatuhan TI (MEA) dari COBIT 2019 Governance and Management Objectives. Mampu menentukan lingkup tujuan Tata Kelola Teknologi Informasi (TKMTI) prioritas berdasarkan faktor desain serta merancang instrumen penilaian tingkat kinerja tujuh komponen sistem TKMTI prioritas terkait. Melaksanakan penilaian kesenjangan antara kondisi saat ini dengan target dan merancang solusi untuk tujuh komponen sistem TKMTI prioritas pada suatu organisasi, meliputi analisis kebutuhan solusi pada aspek People, Process, dan Technology, serta menyusun laporan komprehensif mengenai hasil analisis dan perancangan solusi TKMTI. Memahami konsep tata kelola dan manajemen TI (TKMTI) berdasarkan kerangka kerja praktik industri, meliputi pengantar, komponen, area fokus, serta faktor desain COBIT 2019, termasuk sebelas faktor penentuan tujuan prioritas dan tujuh komponen sistem TKMTI pada lima domain terkait, serta mampu menjelaskan framework pengukuran kondisi TKMTI di industri. || Mampu menjelaskan konsep tata kelola dan manajemen Teknologi Informasi (TKMTI) serta sebelas faktor desain untuk penentuan tujuan TKMTI prioritas, termasuk tujuh komponen sistem TKTMI pada lima domain terkait. Hal ini mencakup ketepatan dalam menjelaskan framework untuk mengukur kondisi TKMTI di Industri berdasarkan domain Tata Kelola TI (EDM), Manajemen Perencanaan dan SDM TI (APO), Manajemen Proyek dan Pembangunan Solusi TI (BAI), Manajemen Operasi dan Layanan TI (DSS), serta Manajemen Mutu, Kinerja, dan Kepatuhan TI (MEA) dari COBIT 2019 Governance and Management Objectives. || Mampu menentukan lingkup tujuan Tata Kelola Teknologi Informasi (TKMTI) prioritas berdasarkan faktor desain serta merancang instrumen penilaian tingkat kinerja tujuh komponen sistem TKMTI prioritas terkait. Melaksanakan penilaian kesenjangan antara kondisi saat ini dengan target dan merancang solusi untuk tujuh komponen sistem TKMTI prioritas pada suatu organisasi, meliputi analisis kebutuhan solusi pada aspek People, Process, dan Technology, serta menyusun laporan komprehensif mengenai hasil analisis dan perancangan solusi TKMTI.","COBIT; IT Performance Audit; ITIL; COBIT, IT Performance Audit, ITIL",IT Governance,True,TelU_CLO_Paraphrase; TelU_CLO_Skill; TelU_Course_Summary,7,64
Teknologi Berkembang,,Memahami pengetahuan inovasi dan teknologi yang berkembang Mengemukakan teknologi-teknologi yang berkembang Melaporkan hasil analisis masalah dengan solusi inovatif,,,False,ITS_Raw,3,65
Teknologi Machine Learning,,Memahami pengetahuan teknologi pada Machine Learning Mengemukakan teknologi pada machine learning Mempraktikkan teknologi machine learning dengan solusi inovatif,,,False,ITS_Raw,3,66
