course_code,course_name,rank,similarity,job_id,job_title,job_company,job_source
BBK1AAB4,Algoritma dan Pemrograman,1,0.8131,li_3815119724,Software,Bay Mortgage Services,linkedin
BBK1AAB4,Algoritma dan Pemrograman,2,0.8094,li_4432248908,Machine Learning Engineer,KTek Resourcing,linkedin
BBK1AAB4,Algoritma dan Pemrograman,3,0.8075,li_4429019731,AI/ML Engineer — Job Posting,Get Hire Technologies Inc.,linkedin
BBK1AAB4,Algoritma dan Pemrograman,4,0.8054,li_4431117643,Software Developer,IEQ Technology,linkedin
BBK1AAB4,Algoritma dan Pemrograman,5,0.8045,li_4363726700,Software Engineer,Oso,linkedin
BBK1AAB4,Algoritma dan Pemrograman,6,0.8043,li_4412928692,Software Engineer 2,"Burke Porter, an Ascential Technologies Brand",linkedin
BBK1AAB4,Algoritma dan Pemrograman,7,0.8039,li_4416579708,"Systems Software Engineer (I, II or III)",Chelan County PUD,linkedin
BBK1AAB4,Algoritma dan Pemrograman,8,0.8037,li_4424958127,Product Designer,Plot,linkedin
BBK1AAB4,Algoritma dan Pemrograman,9,0.8033,li_4427112925,Data Analyst,Beyond Feedback,linkedin
BBK1AAB4,Algoritma dan Pemrograman,10,0.8015,li_4410016324,UI/UX Designer,"Myanmar Zarla Distribution Co.,Ltd",linkedin
BBK1DAB3,Pengantar Sistem Informasi,1,0.7982,li_4429019731,AI/ML Engineer — Job Posting,Get Hire Technologies Inc.,linkedin
BBK1DAB3,Pengantar Sistem Informasi,2,0.7981,li_3815119724,Software,Bay Mortgage Services,linkedin
BBK1DAB3,Pengantar Sistem Informasi,3,0.7939,li_4428620717,Systems Engineer,AISIN World Corp. of America,linkedin
BBK1DAB3,Pengantar Sistem Informasi,4,0.7922,li_4409724477,Business Intelligence Analyst,Liebherr USA,linkedin
BBK1DAB3,Pengantar Sistem Informasi,5,0.7914,gd_1010011121137,Researcher (Contract),Civitech,glassdoor
BBK1DAB3,Pengantar Sistem Informasi,6,0.7894,li_4436961499,Data Analyst,Premier Technology Inc.,linkedin
BBK1DAB3,Pengantar Sistem Informasi,7,0.7887,li_4325154188,Software Engineer (Remote),Keye (YC F24),linkedin
BBK1DAB3,Pengantar Sistem Informasi,8,0.7886,li_4422384759,Machine Learning Operations Engineer,Sintela,linkedin
BBK1DAB3,Pengantar Sistem Informasi,9,0.7883,li_4409624638,BI Data Analyst,Motion,linkedin
BBK1DAB3,Pengantar Sistem Informasi,10,0.7881,gd_1010155379526,Computer & Information Systems Specialist - Freelance AI Trainer Project,Ameridial,glassdoor
BBK1EAB3,Sistem Enterprise,1,0.8013,li_3815119724,Software,Bay Mortgage Services,linkedin
BBK1EAB3,Sistem Enterprise,2,0.7984,li_4412928692,Software Engineer 2,"Burke Porter, an Ascential Technologies Brand",linkedin
BBK1EAB3,Sistem Enterprise,3,0.7975,li_4429019731,AI/ML Engineer — Job Posting,Get Hire Technologies Inc.,linkedin
BBK1EAB3,Sistem Enterprise,4,0.792,li_4363726700,Software Engineer,Oso,linkedin
BBK1EAB3,Sistem Enterprise,5,0.7918,li_4380008807,Software Engineer II (Maritime),Torch.AI,linkedin
BBK1EAB3,Sistem Enterprise,6,0.7913,gd_1010181109261,Informaticist 2,CenterWell Senior Primary Care,glassdoor
BBK1EAB3,Sistem Enterprise,7,0.7906,li_4223656536,Software Engineer,ReturnPro,linkedin
BBK1EAB3,Sistem Enterprise,8,0.789,li_4378121889,Backend Engineer - San Francisco,Plaud,linkedin
BBK1EAB3,Sistem Enterprise,9,0.7888,li_4395572219,Staff- Software Engineer,Walmart,linkedin
BBK1EAB3,Sistem Enterprise,10,0.7883,li_4432248908,Machine Learning Engineer,KTek Resourcing,linkedin
BBK1GAB3,Jaringan Komputer,1,0.7976,li_3815119724,Software,Bay Mortgage Services,linkedin
BBK1GAB3,Jaringan Komputer,2,0.7939,li_4432248908,Machine Learning Engineer,KTek Resourcing,linkedin
BBK1GAB3,Jaringan Komputer,3,0.7924,li_4363726700,Software Engineer,Oso,linkedin
BBK1GAB3,Jaringan Komputer,4,0.7909,li_4429019731,AI/ML Engineer — Job Posting,Get Hire Technologies Inc.,linkedin
BBK1GAB3,Jaringan Komputer,5,0.7898,gd_1010188559101,Admission Specialist PRN,Innovative Network of Knowledge (INK),glassdoor
BBK1GAB3,Jaringan Komputer,6,0.7896,li_4403509120,Software Engineer,KIHOMAC,linkedin
BBK1GAB3,Jaringan Komputer,7,0.7892,li_4327166527,Computer Scientist - Mid,"Bluehawk LLC, Intelligence Services",linkedin
BBK1GAB3,Jaringan Komputer,8,0.7874,li_4416579708,"Systems Software Engineer (I, II or III)",Chelan County PUD,linkedin
BBK1GAB3,Jaringan Komputer,9,0.7869,gd_1010011121137,Researcher (Contract),Civitech,glassdoor
BBK1GAB3,Jaringan Komputer,10,0.7862,gd_1010146211292,Certificate Processor,"Higginbotham Insurance Agency, Inc.",glassdoor
BBK1JAB3,Pemrograman Berorientasi Objek,1,0.822,li_3815119724,Software,Bay Mortgage Services,linkedin
BBK1JAB3,Pemrograman Berorientasi Objek,2,0.8099,li_4411850674,Software Engineer - Backend (Cleared),Swoop Technologies,linkedin
BBK1JAB3,Pemrograman Berorientasi Objek,3,0.8095,li_4431117643,Software Developer,IEQ Technology,linkedin
BBK1JAB3,Pemrograman Berorientasi Objek,4,0.8081,gd_1010155379786,Java Coding Specialist - Freelance AI Trainer Project,Ameridial,glassdoor
BBK1JAB3,Pemrograman Berorientasi Objek,5,0.8074,li_4429019731,AI/ML Engineer — Job Posting,Get Hire Technologies Inc.,linkedin
BBK1JAB3,Pemrograman Berorientasi Objek,6,0.8061,li_4434676109,Software Engineer,Thazen,linkedin
BBK1JAB3,Pemrograman Berorientasi Objek,7,0.806,li_4432248908,Machine Learning Engineer,KTek Resourcing,linkedin
BBK1JAB3,Pemrograman Berorientasi Objek,8,0.8058,li_4427868416,Software Engineer-EN,CAE,linkedin
BBK1JAB3,Pemrograman Berorientasi Objek,9,0.8054,li_4431506499,Software Developer,MarathonSoft LLC,linkedin
BBK1JAB3,Pemrograman Berorientasi Objek,10,0.8051,li_4422780169,Programmer Analyst 23-18,City of Santa Fe Springs,linkedin
BBK1LAB3,Sistem Basis Data,1,0.8111,li_3815119724,Software,Bay Mortgage Services,linkedin
BBK1LAB3,Sistem Basis Data,2,0.8079,li_4378121889,Backend Engineer - San Francisco,Plaud,linkedin
BBK1LAB3,Sistem Basis Data,3,0.8058,li_4424958127,Product Designer,Plot,linkedin
BBK1LAB3,Sistem Basis Data,4,0.8042,li_4412928692,Software Engineer 2,"Burke Porter, an Ascential Technologies Brand",linkedin
BBK1LAB3,Sistem Basis Data,5,0.8037,li_4429019731,AI/ML Engineer — Job Posting,Get Hire Technologies Inc.,linkedin
BBK1LAB3,Sistem Basis Data,6,0.8037,li_4385647711,"Software Engineer, Developer Experience (AI)",Clay,linkedin
BBK1LAB3,Sistem Basis Data,7,0.8036,li_4286968047,Software Engineer - All Levels,GlossGenius,linkedin
BBK1LAB3,Sistem Basis Data,8,0.8035,li_4435377657,Software Engineer,Software Engineering Institute | Carnegie Mellon University,linkedin
BBK1LAB3,Sistem Basis Data,9,0.8035,li_4434389490,Software Engineer,Carnegie Mellon University,linkedin
BBK1LAB3,Sistem Basis Data,10,0.8032,li_4286961888,Software Engineer - All Levels,GlossGenius,linkedin
BBK2AAB3,Analisis dan Perancangan Sistem Informasi,1,0.8222,li_3815119724,Software,Bay Mortgage Services,linkedin
BBK2AAB3,Analisis dan Perancangan Sistem Informasi,2,0.8167,li_4286961888,Software Engineer - All Levels,GlossGenius,linkedin
BBK2AAB3,Analisis dan Perancangan Sistem Informasi,3,0.8156,li_4395572219,Staff- Software Engineer,Walmart,linkedin
BBK2AAB3,Analisis dan Perancangan Sistem Informasi,4,0.8151,li_4412928692,Software Engineer 2,"Burke Porter, an Ascential Technologies Brand",linkedin
BBK2AAB3,Analisis dan Perancangan Sistem Informasi,5,0.814,li_4432362563,"Software Engineer, Platform [33153]",Stealth Startup,linkedin
BBK2AAB3,Analisis dan Perancangan Sistem Informasi,6,0.8139,li_4286968047,Software Engineer - All Levels,GlossGenius,linkedin
BBK2AAB3,Analisis dan Perancangan Sistem Informasi,7,0.8135,li_4388372783,"AI/ML Engineer, Software Development - Noke",Janus International,linkedin
BBK2AAB3,Analisis dan Perancangan Sistem Informasi,8,0.8127,li_4385647711,"Software Engineer, Developer Experience (AI)",Clay,linkedin
BBK2AAB3,Analisis dan Perancangan Sistem Informasi,9,0.8122,li_4429019731,AI/ML Engineer — Job Posting,Get Hire Technologies Inc.,linkedin
BBK2AAB3,Analisis dan Perancangan Sistem Informasi,10,0.8108,li_4378121889,Backend Engineer - San Francisco,Plaud,linkedin
BBK2DAB3,Pengembangan Aplikasi Website,1,0.8144,li_4434016802,Back End Developer,Cooler Master USA,linkedin
BBK2DAB3,Pengembangan Aplikasi Website,2,0.8134,li_4378121889,Backend Engineer - San Francisco,Plaud,linkedin
BBK2DAB3,Pengembangan Aplikasi Website,3,0.8106,li_4435216514,Back-end Software Development Engineer,FastTek Global,linkedin
BBK2DAB3,Pengembangan Aplikasi Website,4,0.8074,li_4431117643,Software Developer,IEQ Technology,linkedin
BBK2DAB3,Pengembangan Aplikasi Website,5,0.8069,li_3815119724,Software,Bay Mortgage Services,linkedin
BBK2DAB3,Pengembangan Aplikasi Website,6,0.8047,li_4348953287,Backend Software Engineer,Twenty,linkedin
BBK2DAB3,Pengembangan Aplikasi Website,7,0.8035,li_4323760824,"Software Engineer, Backend",Clay,linkedin
BBK2DAB3,Pengembangan Aplikasi Website,8,0.8034,li_4339359236,"Software Engineer, Backend",Clay,linkedin
BBK2DAB3,Pengembangan Aplikasi Website,9,0.8034,li_4338267967,"Software Engineer, Backend",Clay,linkedin
BBK2DAB3,Pengembangan Aplikasi Website,10,0.8033,li_4434302637,Front-End Developer,Bario Gifts,linkedin
BBK2EAB3,Perancangan Interaksi,1,0.8394,li_4408112041,"UI/UX Designer, Lion Holdings",Valuetainment,linkedin
BBK2EAB3,Perancangan Interaksi,2,0.8321,li_4433193265,UX Designer,Scale.jobs,linkedin
BBK2EAB3,Perancangan Interaksi,3,0.8308,li_4418939171,UI/UX Designer,Futurex,linkedin
BBK2EAB3,Perancangan Interaksi,4,0.8291,li_4431725005,UX Designer,MDAEdge,linkedin
BBK2EAB3,Perancangan Interaksi,5,0.8272,li_4410016324,UI/UX Designer,"Myanmar Zarla Distribution Co.,Ltd",linkedin
BBK2EAB3,Perancangan Interaksi,6,0.8267,li_4422657926,"User Experience Product Design, Specialist",Vanguard,linkedin
BBK2EAB3,Perancangan Interaksi,7,0.8261,li_4394705072,Experience Designer,TEK Connexion,linkedin
BBK2EAB3,Perancangan Interaksi,8,0.8255,li_4290752432,UI/UX Designer,"Steampunk, Inc.",linkedin
BBK2EAB3,Perancangan Interaksi,9,0.8248,li_4258088601,UI-UX Designer,True Helix,linkedin
BBK2EAB3,Perancangan Interaksi,10,0.823,li_4430647472,"UX/UI Designer, User Experience Team",Ayotek Teknoloji,linkedin
BBK2FAB3,Sistem Operasi,1,0.8122,li_3815119724,Software,Bay Mortgage Services,linkedin
BBK2FAB3,Sistem Operasi,2,0.803,li_4429019731,AI/ML Engineer — Job Posting,Get Hire Technologies Inc.,linkedin
BBK2FAB3,Sistem Operasi,3,0.8005,li_4395572219,Staff- Software Engineer,Walmart,linkedin
BBK2FAB3,Sistem Operasi,4,0.7998,li_4434676109,Software Engineer,Thazen,linkedin
BBK2FAB3,Sistem Operasi,5,0.7993,li_4436961499,Data Analyst,Premier Technology Inc.,linkedin
BBK2FAB3,Sistem Operasi,6,0.7983,li_4403509120,Software Engineer,KIHOMAC,linkedin
BBK2FAB3,Sistem Operasi,7,0.7975,li_4435216514,Back-end Software Development Engineer,FastTek Global,linkedin
BBK2FAB3,Sistem Operasi,8,0.796,li_4409724477,Business Intelligence Analyst,Liebherr USA,linkedin
BBK2FAB3,Sistem Operasi,9,0.796,li_4422384759,Machine Learning Operations Engineer,Sintela,linkedin
BBK2FAB3,Sistem Operasi,10,0.7957,li_4431117643,Software Developer,IEQ Technology,linkedin
BBK2HAB3,Integrasi Aplikasi Enterprise,1,0.8043,li_4378121889,Backend Engineer - San Francisco,Plaud,linkedin
BBK2HAB3,Integrasi Aplikasi Enterprise,2,0.8036,li_3815119724,Software,Bay Mortgage Services,linkedin
BBK2HAB3,Integrasi Aplikasi Enterprise,3,0.8015,li_4429019731,AI/ML Engineer — Job Posting,Get Hire Technologies Inc.,linkedin
BBK2HAB3,Integrasi Aplikasi Enterprise,4,0.8006,li_4385647711,"Software Engineer, Developer Experience (AI)",Clay,linkedin
BBK2HAB3,Integrasi Aplikasi Enterprise,5,0.8001,li_4416579708,"Systems Software Engineer (I, II or III)",Chelan County PUD,linkedin
BBK2HAB3,Integrasi Aplikasi Enterprise,6,0.7994,li_4304860885,Future Opportunities- Software Engineering,Epirus,linkedin
BBK2HAB3,Integrasi Aplikasi Enterprise,7,0.7982,li_4395572219,Staff- Software Engineer,Walmart,linkedin
BBK2HAB3,Integrasi Aplikasi Enterprise,8,0.7974,li_4412928692,Software Engineer 2,"Burke Porter, an Ascential Technologies Brand",linkedin
BBK2HAB3,Integrasi Aplikasi Enterprise,9,0.797,li_4363726700,Software Engineer,Oso,linkedin
BBK2HAB3,Integrasi Aplikasi Enterprise,10,0.7967,li_4371060491,Software Engineer,Heidi,linkedin
BBK2IAB3,Keamanan Sistem Informasi,1,0.8138,li_3815119724,Software,Bay Mortgage Services,linkedin
BBK2IAB3,Keamanan Sistem Informasi,2,0.8097,li_4432248908,Machine Learning Engineer,KTek Resourcing,linkedin
BBK2IAB3,Keamanan Sistem Informasi,3,0.8013,li_4429019731,AI/ML Engineer — Job Posting,Get Hire Technologies Inc.,linkedin
BBK2IAB3,Keamanan Sistem Informasi,4,0.8,li_4431117643,Software Developer,IEQ Technology,linkedin
BBK2IAB3,Keamanan Sistem Informasi,5,0.7999,li_4403509120,Software Engineer,KIHOMAC,linkedin
BBK2IAB3,Keamanan Sistem Informasi,6,0.7998,gd_1010011121137,Researcher (Contract),Civitech,glassdoor
BBK2IAB3,Keamanan Sistem Informasi,7,0.7995,li_4363726700,Software Engineer,Oso,linkedin
BBK2IAB3,Keamanan Sistem Informasi,8,0.7992,li_4427868416,Software Engineer-EN,CAE,linkedin
BBK2IAB3,Keamanan Sistem Informasi,9,0.7992,li_4416579708,"Systems Software Engineer (I, II or III)",Chelan County PUD,linkedin
BBK2IAB3,Keamanan Sistem Informasi,10,0.799,li_4395572219,Staff- Software Engineer,Walmart,linkedin
BBK2JAB3,Manajemen Proyek Sistem Informasi,1,0.8166,li_3815119724,Software,Bay Mortgage Services,linkedin
BBK2JAB3,Manajemen Proyek Sistem Informasi,2,0.813,li_4432248908,Machine Learning Engineer,KTek Resourcing,linkedin
BBK2JAB3,Manajemen Proyek Sistem Informasi,3,0.8112,li_4427868416,Software Engineer-EN,CAE,linkedin
BBK2JAB3,Manajemen Proyek Sistem Informasi,4,0.8099,li_4395572219,Staff- Software Engineer,Walmart,linkedin
BBK2JAB3,Manajemen Proyek Sistem Informasi,5,0.8081,li_4429019731,AI/ML Engineer — Job Posting,Get Hire Technologies Inc.,linkedin
BBK2JAB3,Manajemen Proyek Sistem Informasi,6,0.8062,li_4419558780,"Software Engineer (Backend), Content Foundations","Scribd, Inc.",linkedin
BBK2JAB3,Manajemen Proyek Sistem Informasi,7,0.8062,li_4419575653,"Software Engineer (Backend), Content Foundations","Scribd, Inc.",linkedin
BBK2JAB3,Manajemen Proyek Sistem Informasi,8,0.8062,li_4419568698,"Software Engineer (Backend), Content Foundations","Scribd, Inc.",linkedin
BBK2JAB3,Manajemen Proyek Sistem Informasi,9,0.8062,li_4419576589,"Software Engineer (Backend), Content Foundations","Scribd, Inc.",linkedin
BBK2JAB3,Manajemen Proyek Sistem Informasi,10,0.8062,li_4419576591,"Software Engineer (Backend), Content Foundations","Scribd, Inc.",linkedin
BBK2LAB3,Penambangan Data,1,0.8174,li_4432248908,Machine Learning Engineer,KTek Resourcing,linkedin
BBK2LAB3,Penambangan Data,2,0.8141,li_3815119724,Software,Bay Mortgage Services,linkedin
BBK2LAB3,Penambangan Data,3,0.8128,li_4429019731,AI/ML Engineer — Job Posting,Get Hire Technologies Inc.,linkedin
BBK2LAB3,Penambangan Data,4,0.8086,li_4436961499,Data Analyst,Premier Technology Inc.,linkedin
BBK2LAB3,Penambangan Data,5,0.8084,li_4388372783,"AI/ML Engineer, Software Development - Noke",Janus International,linkedin
BBK2LAB3,Penambangan Data,6,0.8078,li_4424958127,Product Designer,Plot,linkedin
BBK2LAB3,Penambangan Data,7,0.8052,li_4372153003,Applied ML Engineer,Kognitos,linkedin
BBK2LAB3,Penambangan Data,8,0.8048,li_4395572219,Staff- Software Engineer,Walmart,linkedin
BBK2LAB3,Penambangan Data,9,0.8046,li_4432488212,Machine Learning Engineer,Harrison Clarke,linkedin
BBK2LAB3,Penambangan Data,10,0.8037,li_4346417366,Machine Learning Engineer,Happy Elements,linkedin
BBK2NAB3,Rekayasa Proses Bisnis,1,0.8089,li_4429019731,AI/ML Engineer — Job Posting,Get Hire Technologies Inc.,linkedin
BBK2NAB3,Rekayasa Proses Bisnis,2,0.8086,li_3815119724,Software,Bay Mortgage Services,linkedin
BBK2NAB3,Rekayasa Proses Bisnis,3,0.8055,li_4395572219,Staff- Software Engineer,Walmart,linkedin
BBK2NAB3,Rekayasa Proses Bisnis,4,0.8053,li_4372153003,Applied ML Engineer,Kognitos,linkedin
BBK2NAB3,Rekayasa Proses Bisnis,5,0.805,li_4286968047,Software Engineer - All Levels,GlossGenius,linkedin
BBK2NAB3,Rekayasa Proses Bisnis,6,0.8045,li_4378121889,Backend Engineer - San Francisco,Plaud,linkedin
BBK2NAB3,Rekayasa Proses Bisnis,7,0.8038,li_4286961888,Software Engineer - All Levels,GlossGenius,linkedin
BBK2NAB3,Rekayasa Proses Bisnis,8,0.801,li_4385647711,"Software Engineer, Developer Experience (AI)",Clay,linkedin
BBK2NAB3,Rekayasa Proses Bisnis,9,0.7998,li_4388372783,"AI/ML Engineer, Software Development - Noke",Janus International,linkedin
BBK2NAB3,Rekayasa Proses Bisnis,10,0.799,gd_1010109391172,AI Tutor - Tagalog,x.ai,glassdoor
BBK3AAB3,Arsitektur Enterprise,1,0.811,li_3815119724,Software,Bay Mortgage Services,linkedin
BBK3AAB3,Arsitektur Enterprise,2,0.805,li_4363726700,Software Engineer,Oso,linkedin
BBK3AAB3,Arsitektur Enterprise,3,0.8046,li_4372153003,Applied ML Engineer,Kognitos,linkedin
BBK3AAB3,Arsitektur Enterprise,4,0.8041,li_4395572219,Staff- Software Engineer,Walmart,linkedin
BBK3AAB3,Arsitektur Enterprise,5,0.8035,li_4429019731,AI/ML Engineer — Job Posting,Get Hire Technologies Inc.,linkedin
BBK3AAB3,Arsitektur Enterprise,6,0.8013,gd_1009846201389,AI Researcher,"AGI, Inc.",glassdoor
BBK3AAB3,Arsitektur Enterprise,7,0.8009,li_4318503546,Product Designer,"AGI, Inc.",linkedin
BBK3AAB3,Arsitektur Enterprise,8,0.8006,li_4318518203,Applied AI Engineer,Zania,linkedin
BBK3AAB3,Arsitektur Enterprise,9,0.8002,li_4388372783,"AI/ML Engineer, Software Development - Noke",Janus International,linkedin
BBK3AAB3,Arsitektur Enterprise,10,0.8,gd_1010155381106,Healthcare & Social Assistance Specialist - Freelance AI Trainer Project,Ameridial,glassdoor
BBK3BAB3,Data Warehouse dan Business Intelligence,1,0.8183,li_3815119724,Software,Bay Mortgage Services,linkedin
BBK3BAB3,Data Warehouse dan Business Intelligence,2,0.8125,li_4429019731,AI/ML Engineer — Job Posting,Get Hire Technologies Inc.,linkedin
BBK3BAB3,Data Warehouse dan Business Intelligence,3,0.8097,li_4436961499,Data Analyst,Premier Technology Inc.,linkedin
BBK3BAB3,Data Warehouse dan Business Intelligence,4,0.8075,li_4427112925,Data Analyst,Beyond Feedback,linkedin
BBK3BAB3,Data Warehouse dan Business Intelligence,5,0.8061,li_4385755079,Data Analyst,"Alterman, Inc.",linkedin
BBK3BAB3,Data Warehouse dan Business Intelligence,6,0.8057,li_4432248908,Machine Learning Engineer,KTek Resourcing,linkedin
BBK3BAB3,Data Warehouse dan Business Intelligence,7,0.8057,li_4427131470,Software Developer,Nightwing,linkedin
BBK3BAB3,Data Warehouse dan Business Intelligence,8,0.8056,li_4395572219,Staff- Software Engineer,Walmart,linkedin
BBK3BAB3,Data Warehouse dan Business Intelligence,9,0.8045,li_3686416246,Epicor Software Programmer,"Patriot Machine, Inc.",linkedin
BBK3BAB3,Data Warehouse dan Business Intelligence,10,0.8043,li_4409624638,BI Data Analyst,Motion,linkedin
BBK3EAB3,Proyek Perangkat Lunak,1,0.8146,li_3815119724,Software,Bay Mortgage Services,linkedin
BBK3EAB3,Proyek Perangkat Lunak,2,0.8139,li_4395572219,Staff- Software Engineer,Walmart,linkedin
BBK3EAB3,Proyek Perangkat Lunak,3,0.8136,li_4412928692,Software Engineer 2,"Burke Porter, an Ascential Technologies Brand",linkedin
BBK3EAB3,Proyek Perangkat Lunak,4,0.813,li_4286968047,Software Engineer - All Levels,GlossGenius,linkedin
BBK3EAB3,Proyek Perangkat Lunak,5,0.812,li_4378121889,Backend Engineer - San Francisco,Plaud,linkedin
BBK3EAB3,Proyek Perangkat Lunak,6,0.8104,li_4286961888,Software Engineer - All Levels,GlossGenius,linkedin
BBK3EAB3,Proyek Perangkat Lunak,7,0.8089,li_4063256091,Software Engineer,Medplum,linkedin
BBK3EAB3,Proyek Perangkat Lunak,8,0.8073,li_4432248908,Machine Learning Engineer,KTek Resourcing,linkedin
BBK3EAB3,Proyek Perangkat Lunak,9,0.8071,li_4430606731,Mid-Level Software Engineer,Arcfield,linkedin
BBK3EAB3,Proyek Perangkat Lunak,10,0.8063,li_4435249402,SENIOR SOFTWARE ENGINEER - Payroll & AI,The Home Depot,linkedin
BBK3FAB3,Sistem Informasi Akuntansi,1,0.8024,li_3815119724,Software,Bay Mortgage Services,linkedin
BBK3FAB3,Sistem Informasi Akuntansi,2,0.7989,li_4428505624,Business Systems Analyst,CACI International Inc,linkedin
BBK3FAB3,Sistem Informasi Akuntansi,3,0.7989,li_4429019731,AI/ML Engineer — Job Posting,Get Hire Technologies Inc.,linkedin
BBK3FAB3,Sistem Informasi Akuntansi,4,0.7959,li_4436961499,Data Analyst,Premier Technology Inc.,linkedin
BBK3FAB3,Sistem Informasi Akuntansi,5,0.7957,li_4430803025,Technical Data Analyst,Clearwater Analytics,linkedin
BBK3FAB3,Sistem Informasi Akuntansi,6,0.795,li_4415682876,Business Analyst,Tata Consultancy Services,linkedin
BBK3FAB3,Sistem Informasi Akuntansi,7,0.795,li_4418860602,Business Analyst,Tata Consultancy Services,linkedin
BBK3FAB3,Sistem Informasi Akuntansi,8,0.7935,li_4411864449,ES Application Developer II,University of Houston,linkedin
BBK3FAB3,Sistem Informasi Akuntansi,9,0.7933,li_4427868416,Software Engineer-EN,CAE,linkedin
BBK3FAB3,Sistem Informasi Akuntansi,10,0.7932,li_4375997156,Data Analyst,Chubb,linkedin
BBK3IAB3,Tata Kelola dan Manajemen Teknologi Informasi,1,0.8078,li_3815119724,Software,Bay Mortgage Services,linkedin
BBK3IAB3,Tata Kelola dan Manajemen Teknologi Informasi,2,0.8013,li_4428505624,Business Systems Analyst,CACI International Inc,linkedin
BBK3IAB3,Tata Kelola dan Manajemen Teknologi Informasi,3,0.8013,li_4436961499,Data Analyst,Premier Technology Inc.,linkedin
BBK3IAB3,Tata Kelola dan Manajemen Teknologi Informasi,4,0.8009,li_4429019731,AI/ML Engineer — Job Posting,Get Hire Technologies Inc.,linkedin
BBK3IAB3,Tata Kelola dan Manajemen Teknologi Informasi,5,0.8003,li_4427645315,"IT Data Analyst | SQL, Power BI & Business Intelligence","Hillyard, Inc.",linkedin
BBK3IAB3,Tata Kelola dan Manajemen Teknologi Informasi,6,0.7992,li_4385755079,Data Analyst,"Alterman, Inc.",linkedin
BBK3IAB3,Tata Kelola dan Manajemen Teknologi Informasi,7,0.7987,li_4428620717,Systems Engineer,AISIN World Corp. of America,linkedin
BBK3IAB3,Tata Kelola dan Manajemen Teknologi Informasi,8,0.7982,gd_1010011121137,Researcher (Contract),Civitech,glassdoor
BBK3IAB3,Tata Kelola dan Manajemen Teknologi Informasi,9,0.7979,gd_1010155379526,Computer & Information Systems Specialist - Freelance AI Trainer Project,Ameridial,glassdoor
BBK3IAB3,Tata Kelola dan Manajemen Teknologi Informasi,10,0.7977,li_4375997156,Data Analyst,Chubb,linkedin
BBK4EBB3,Pengembangan Sistem Cerdas,1,0.8283,li_4372153003,Applied ML Engineer,Kognitos,linkedin
BBK4EBB3,Pengembangan Sistem Cerdas,2,0.8231,li_4378121889,Backend Engineer - San Francisco,Plaud,linkedin
BBK4EBB3,Pengembangan Sistem Cerdas,3,0.823,li_4427066903,AI/ML Engineer,Booz Allen Hamilton,linkedin
BBK4EBB3,Pengembangan Sistem Cerdas,4,0.8198,li_4395572219,Staff- Software Engineer,Walmart,linkedin
BBK4EBB3,Pengembangan Sistem Cerdas,5,0.8194,li_4286968047,Software Engineer - All Levels,GlossGenius,linkedin
BBK4EBB3,Pengembangan Sistem Cerdas,6,0.819,li_4380008807,Software Engineer II (Maritime),Torch.AI,linkedin
BBK4EBB3,Pengembangan Sistem Cerdas,7,0.8188,li_4432488212,Machine Learning Engineer,Harrison Clarke,linkedin
BBK4EBB3,Pengembangan Sistem Cerdas,8,0.8186,li_4286961888,Software Engineer - All Levels,GlossGenius,linkedin
BBK4EBB3,Pengembangan Sistem Cerdas,9,0.8185,li_4411827298,"Machine Learning Engineer II, CNN Digital Products and Services",CNN,linkedin
BBK4EBB3,Pengembangan Sistem Cerdas,10,0.8182,li_4431885618,AI & ML Engineer,Booz Allen Hamilton,linkedin
