course_name,sub_clo_code,sub_clo_text,source_file
Administrasi Basisdata,CLO01a,Mendemonstrasikan Administrasi Basis Data,ITS_SI_BRIN.xlsx
Administrasi Basisdata,CLO01b,Membuat Stored Procedure dan Functions,ITS_SI_BRIN.xlsx
Administrasi Basisdata,CLO01c,Mendeteksi problem dan melakukan fine tuning,ITS_SI_BRIN.xlsx
Adopsi Teknologi Informasi,CLO 1-1.1,Mampu menguraikan konsep difusi inovasi,TeluSurabaya.xlsx
Adopsi Teknologi Informasi,CLO 1-1.2,Mampu menguraikan proses pengembangan dan penentuan inovasi,TeluSurabaya.xlsx
Adopsi Teknologi Informasi,CLO 1-1.3,Mampu menentukan kategorisasi adopter teknologi informasi,TeluSurabaya.xlsx
Adopsi Teknologi Informasi,CLO 1-1.4,Mampu menguraikan inovasi di organisasi,TeluSurabaya.xlsx
Adopsi Teknologi Informasi,CLO 2-2.1,Mampu menjabarkan atribut inovasi dan tingkat adopsi,TeluSurabaya.xlsx
Adopsi Teknologi Informasi,CLO 2-2.2,Mampu menguraikan model-model difusi dan adopsi teknologi informasi,TeluSurabaya.xlsx
Adopsi Teknologi Informasi,CLO 3-3.1,Mampu menganalisis tingkat adopsi dari suatu studi kasus,TeluSurabaya.xlsx
Adopsi Teknologi Informasi,CLO 3-3.2,Menganalisis strategi penerimaan teknologi informasi,TeluSurabaya.xlsx
Algoritma dan Pemrograman,CLO 1-SubCLO02,Mampu memahami flowchart dan pseudocode,TeluSurabaya.xlsx
Algoritma dan Pemrograman,CLO 1-SubCLO03,"Mampu memahami konsep variabel, tipe data, type casting, output dan comment pada pemrograman",TeluSurabaya.xlsx
Algoritma dan Pemrograman,CLO 1-SubCLO04,Mampu memahami konsep user input dan operator,TeluSurabaya.xlsx
Algoritma dan Pemrograman,CLO 1-SubCLO05,Mampu memahami penggunaan konstruksi percabangan if-then-else,TeluSurabaya.xlsx
Algoritma dan Pemrograman,CLO 1-SubCLO06,Mampu memahami penggunaan konstruksi percabangan switch case,TeluSurabaya.xlsx
Algoritma dan Pemrograman,CLO 1-SubCLO07,Mampu memahami penggunaan kontruksi perulangan for dan while,TeluSurabaya.xlsx
Algoritma dan Pemrograman,CLO 1-SubCLO08,Mampu memahami penggunaan kontruksi perulangan bersarang,TeluSurabaya.xlsx
Algoritma dan Pemrograman,CLO 1-SubCLO09,"Mampu memahami konsep penggunaan variabel,tipe data, type casting, output, comment, user input, operator, percabangan dan perulangan dalam berbagai bahasa pemrograman",TeluSurabaya.xlsx
Algoritma dan Pemrograman,CLO 1-SubCLO10,Mampu memahami konsep penggunaan function,TeluSurabaya.xlsx
Algoritma dan Pemrograman,CLO 1-SubCLO11,Mampu memahami konsep penggunaan array,TeluSurabaya.xlsx
Algoritma dan Pemrograman,CLO 1-SubCLO12,Mampu memahami konsep dasar algoritma,TeluSurabaya.xlsx
Algoritma dan Pemrograman,CLO 1-SubCLO13,Mampu memahami konsep penggunaan debugging dan exception,TeluSurabaya.xlsx
Algoritma dan Pemrograman,CLO 2-SubCLO01,Mampu memahami bagaimana merancang algoritma,TeluSurabaya.xlsx
Algoritma dan Pemrograman,CLO 3-SubCLO01,Mampu mengimplementasikan algoritma sederhana,TeluSurabaya.xlsx
Algoritma dan Pemrograman,CLO-02,Mampu mengembangkan solusi berbasis sistem informasi menggunakan metodologi pengembangan yang tepat.,Dataset_CLO_OBE_SI_TelUJakarta.xlsx
Algoritma dan Pemrograman,CLO-04,Mampu menganalisis permasalahan dalam bidang infokom dalam konteks enterprise atau masyarakat,Dataset_CLO_OBE_SI_TelUJakarta.xlsx
Algoritma dan Pemrograman,CLO-08,Mampu memahami konsep dasar bidang infokom yang digunakan dalam lingkup disiplin ilmu sistem informasi,Dataset_CLO_OBE_SI_TelUJakarta.xlsx
Algoritma dan Struktur Data,CLO01a,Melakukan penilaian kompleksitas algoritma,ITS_SI_BRIN.xlsx
Algoritma dan Struktur Data,CLO01b,Mengidentifikasi bug pada proses debugging dan pengujian,ITS_SI_BRIN.xlsx
Algoritma dan Struktur Data,CLO01c,Mendesain solusi komprehensif dengan pendekatan PBO,ITS_SI_BRIN.xlsx
Algoritma dan Struktur Data,CLO01d,Memahami tipe struktur data abstrak dan algoritma pengelolaan data jamak,ITS_SI_BRIN.xlsx
Algoritma dan Struktur Data,CLO01e,Mengimplementasikan desain solusi dengan algoritma dan struktur data,ITS_SI_BRIN.xlsx
Analisis dan Perancangan Sistem Informasi,CLO 1,Mampu mengidentifikasi kebutuhan sistem informasi dalam konteks enterprise atau masyarakat,TeluSurabaya.xlsx
Analisis dan Perancangan Sistem Informasi,CLO 1-SUBCLO-01,Mahasiswa mampu membedakan fungsi diagram pemodelan obyek,TeluSurabaya.xlsx
Analisis dan Perancangan Sistem Informasi,CLO 2-SUBCLO-02,Mahasiswa mampu mengidentifikasi masalah atau studi kasus dalam perancangan sistem,TeluSurabaya.xlsx
Analisis dan Perancangan Sistem Informasi,CLO 3-SUBCLO-03,Mahasiswa mampu menyelesaikan permasalahan dan bekerjasama dalam tim,TeluSurabaya.xlsx
Analisis dan Perancangan Sistem Informasi,CLO 4-SUBCLO-04,Mahasiswa mampu mengimplementasikan pemodelan obyek ke permasalahan nyata,TeluSurabaya.xlsx
Analisis dan Perancangan Sistem Informasi,CLO-01,[PLO02-CLO01] Mampu membuat perancangan sistem informasi untuk memenuhi kebutuhan organisasi menuju data-driven organization,Dataset_CLO_OBE_SI_TelUJakarta.xlsx
Analisis dan Perancangan Sistem Informasi,CLO-02,[PLO03-CLO02] Mampu menerapkan sikap adaptif dalam berbagai konteks profesional untuk mencapai tujuan bersama,Dataset_CLO_OBE_SI_TelUJakarta.xlsx
Analisis dan Perancangan Sistem Informasi,CLO-03,[PLO01-CLO03] Mampu mengidentifikasi kebutuhan sistem informasi dalam konteks enterprise atau masyarakat,Dataset_CLO_OBE_SI_TelUJakarta.xlsx
Analisis dan Perancangan Sistem Informasi,CLO-04,"[PLO08-CLO04] Mampu menggunakan teknik, keahlian, dan perangkat dalam pengembangan aplikasi dan integrasinya dalam konteks kasus nyata",Dataset_CLO_OBE_SI_TelUJakarta.xlsx
Analitika Data dan Diagnostik,CLO01a,Memahami posisi Data Science serta jenjang data analytics,ITS_SI_BRIN.xlsx
Analitika Data dan Diagnostik,CLO01b,Menghasilkan informasi dengan meringkas dan memvisualisasikan data,ITS_SI_BRIN.xlsx
Analitika Data dan Diagnostik,CLO01c,Mengimplementasikan konsep Statistika dan Visualisasi untuk deskripsi data,ITS_SI_BRIN.xlsx
Analitika Data dan Diagnostik,CLO01d,"Mengimplementasikan konsep AI, DM, ML untuk Diagnostic Analytics",ITS_SI_BRIN.xlsx
Arsitektur Enterprise,CLO 1-SubCLO01,Mampu menganalisis kebutuhan arsitektur enterprise pada suatu organisasi,TeluSurabaya.xlsx
Arsitektur Enterprise,CLO 2-SubCLO02,Mampu menggunakan teknik dan kakas dalam menyusun arsitektur enterprise.,TeluSurabaya.xlsx
Arsitektur Enterprise,CLO 3-SubCLO03,Mampu merancang arsitektur enteprise berdasarkan framework dan bahasa pemodelan yang terstandardisasi pada suatu studi kasus.,TeluSurabaya.xlsx
Arsitektur Enterprise,CLO 3-SubCLO03,Mampu merancang arsitektur enteprise berdasarkan framework dan bahasa pemodelan yang terstandardisasi pada suatu studi kasus,TeluSurabaya.xlsx
Arsitektur Enterprise,CLO 3-SubCLO04,Mampu merancang arsitektur enterprise usulan yang sesuai dengan hasil identifikasi kebutuhan dan memiliki justifikasi yang tepat,TeluSurabaya.xlsx
Arsitektur Enterprise,CLO-05,Mampu memodelkan kebutuhan infokom dalam konteks enterprise atau masyarakat,Dataset_CLO_OBE_SI_TelUJakarta.xlsx
Arsitektur Enterprise,CLO-05,"Mampu menggunakan teknik, metode, perangkat lunak terkini untuk menghasilkan solusi di bidang pengelolaan fungsi dan bisnis organisasi dalam konteks kasus nyata",Dataset_CLO_OBE_SI_TelUJakarta.xlsx
Arsitektur Enterprise,CLO-06,Mampu mengusulkan perbaikan arsitektur atau pengelolaan sistem informasi untuk mendukung tujuan organisasi.,Dataset_CLO_OBE_SI_TelUJakarta.xlsx
Arsitektur dan Pengembangan Backend,CLO 1-1,"Mahasiswa mampu menjelaskan dasar-dasar tentang jenis-jenis arsitektur backend dan juga konsep web service, REST serta microservice. Mahasiswa mampu menjelaskan tentang berbagai jenis format response untuk web service seperti JSON, XML, dsb.",TeluSurabaya.xlsx
Arsitektur dan Pengembangan Backend,CLO 1-2,Mampu mengembangkan sistem web service untuk kasus komprehensif,TeluSurabaya.xlsx
Arsitektur dan Pengembangan Backend,CLO 2-2,Mahasiswa mampu menjelaskan tentang konsep microservice,TeluSurabaya.xlsx
Arsitektur dan Pengembangan Backend,CLO 2-3,Mampu menggunakan kakas atau perangkat lunak terkini untuk mengembangkan microservice sederhana yang terhubung ke database,TeluSurabaya.xlsx
Arsitektur dan Pengembangan Backend,CLO 2-5,Mampu mengembangkan deployment web service. Mampu melakukan evaluasi dan studi kasus terhadap beberapa sistem backed yang sudah pernah dikembangkan,TeluSurabaya.xlsx
Arsitektur dan Pengembangan Backend,CLO 3-1,Mampu menggunakan kakas atau perangkat lunak terkini untuk digunakan sebagai bahasa dasar pemrograman dalam mengembangkan web service,TeluSurabaya.xlsx
Arsitektur dan Pengembangan Backend,CLO 3-3,Mampu menggunakan kakas atau perangkat lunak terkini untuk mengembangkan web service yang memiliki kemampuan untuk membaca data (READ) dari database dan mengembalikan response dengan format tertentu,TeluSurabaya.xlsx
Arsitektur dan Pengembangan Backend,CLO 3-4,Mampu menggunakan kakas atau perangkat lunak terkini untuk autentifikasi dan fitur token pada web service,TeluSurabaya.xlsx
Arsitektur dan Pengembangan Backend,CLO 3-5,Introduction to Tugas Besar,TeluSurabaya.xlsx
Bahasa Indonesia,CLO 1,"CLO 1: Mahasiswa mampu menggunakan kata baku, istilah, dan ejaan dengan benar serta mampu menyusun definisi, kalimat, dan paragraf dengan benar pada tulisan ragam ilmiah.",TeluSurabaya.xlsx
Bahasa Indonesia,CLO 2,CLO 2: Mahasiswa mampu merumuskan topik hingga menyusun kerangka dan draf serta mampu menerapkan konvensi naskah karya tulis ilmiah.,TeluSurabaya.xlsx
Bahasa Indonesia,CLO 3,CLO 3: Mahasiswa mampu menyusun dan merevisi karya ilmiah serta mampu mempresentasikannya dengan bahasa yang baik dan benar.,TeluSurabaya.xlsx
Bahasa Inggris,CLO 1,"[PLO5] CLO-1 mampu menggunakan kalimat sederhana dan majemuk dalam present tense, present continuous, dan present perfect tense untuk menyajikan fakta-fakta menarik tentang keahlian yang mereka miliki dalam satu paragraf dengan tingkat kefasihan menulis ""intermediate-mid""",TeluSurabaya.xlsx
Bahasa Inggris,CLO 2,"[PLO5] CLO-2 mampu menyatakan sudut pandang dengan bukti yang mendukung dan menarik terkait kreasi ciptaan teknologi mereka dalam 3-5 paragraf menggunakan present tense, present continous tense, present perfect tense dan past tense dengan tingkat kefasihan menulis intermediet-mid",TeluSurabaya.xlsx
Bahasa Inggris,CLO 3,"[PLO5] CLO-3 mampu mengungkapkan secara lisan kalimat sederhana, majemuk, dan kompleks dalam present tense, present continous tense, dan present perfect tense untuk menjelaskan fakta-fakta menarik tentang peran sistem informasi dalam kehidupan saat ini dalam bentuk presentasi.",TeluSurabaya.xlsx
Bahasa Inggris,CLO 4,"[PLO5] CLO-4 mampu mengungkapkan secara lisan kalimat sederhana, majemuk, dan kompleks dalam present tense, past tense, present perfect dan past present perfect tense untuk menjelaskan fakta-fakta menarik tentang keahlian serta pengalaman yang mereka miliki dalam menjawab pertanyaan interview dengan baik.",TeluSurabaya.xlsx
Capstone Design & Project,CLO 1-CLO1.1,CLO1.1 Mampu mengumpulkan data dan informasi yang relevan untuk mengidentifikasi permasalahan.,TeluSurabaya.xlsx
Capstone Design & Project,CLO 1-CLO1.2,CLO1.2 Mampu menganalisis dan memformulasikan permasalahan utama yang dihadapi.,TeluSurabaya.xlsx
Capstone Design & Project,CLO 2-CLO 2.1,CLO 2.1 Mampu mengidentifikasi alternatif solusi berdasarkan analisis permasalahan.,TeluSurabaya.xlsx
Capstone Design & Project,CLO 2-CLO 2.2,CLO 2.2 Mampu menyusun proposal proyek yang komprehensif dan terstruktur.,TeluSurabaya.xlsx
Capstone Design & Project,CLO 2-CLO 2.3,CLO 2.3 Mampu merancang solusi sistem berdasarkan body of knowledge keilmuan dan standar keteknikan.,TeluSurabaya.xlsx
Capstone Design & Project,CLO 2-CLO 2.4,CLO 2.4 Mampu mengimplementasikan rancangan sistem sesuai dengan perencanaan yang telah disusun.,TeluSurabaya.xlsx
Capstone Design & Project,CLO 3-CLO 3.1,CLO 3.1 Mampu memverifikasi dan memvalidasi hasil rancangan sistem sesuai standar yang berlaku.,TeluSurabaya.xlsx
Capstone Design & Project,CLO 4-CLO 4.1,CLO 4.1 Mampu memanfaatkan teknologi informasi dalam menyelesaikan permasalahan yang dihadapi.,TeluSurabaya.xlsx
Capstone Design & Project,CLO 5-CLO 5.1,CLO 5.1 Mampu bekerja sama secara efektif dalam tim multidisiplin.,TeluSurabaya.xlsx
Capstone Design & Project,CLO 6-CLO 6.1,CLO 6.1 Mampu melakukan komunikasi hasil rancangan secara efektif baik secara lisan maupun tertulis.,TeluSurabaya.xlsx
Capstone Design & Project,CLO 6-CLO 6.2,CLO 6.2 Mampu berkomunikasi secara efektif dalam mempresentasikan hasil proyek kepada khalayak yang lebih luas.,TeluSurabaya.xlsx
Capstone Design & Project,CLO 7,"CLO7 - Mampu merencanakan, menyelesaikan dan mengevaluasi tugas didalam batasan-batasan yang ada",TeluSurabaya.xlsx
Capstone Design & Project,CLO 8,CLO8 - Mampu mengenali kebutuhan teori / informasi / model / kerangka standar / metode / perangkat untuk menyelesaikan permasalahan kompleks pada sistem nyata secara mandiri???,TeluSurabaya.xlsx
Data Lakehouse,CLO01a,Merancang dan Membangun Data Warehouse,ITS_SI_BRIN.xlsx
Data Lakehouse,CLO01b,Merancang dan Membangun Data Lake,ITS_SI_BRIN.xlsx
Data Lakehouse,CLO01c,Merancang dan Membangun Data Lakehouse,ITS_SI_BRIN.xlsx
Data Warehouse & Business Intelligence,CLO 1,PLO1-CLO05. Mampu memodelkan kebutuhan infokom dalam konteks enterprise atau masyarakat,TeluSurabaya.xlsx
Data Warehouse & Business Intelligence,CLO 2,PLO2-CLO01. Mampu membuat perancangan sistem informasi untuk memenuhi kebutuhan organisasi menuju data-driven organization,TeluSurabaya.xlsx
Data Warehouse & Business Intelligence,CLO 3,PLO2-CLO02. Mampu mengembangkan solusi berbasis sistem informasi menggunakan metodologi pengembangan yang tepat.,TeluSurabaya.xlsx
Data Warehouse & Business Intelligence,CLO 4,PLO8-CLO01. Mampu menggunakan metode dan perangkat lunak terkini untuk menghasilkan solusi di bidang data dalam konteks kasus nyata,TeluSurabaya.xlsx
Data Warehouse dan Business Intelligence,CLO-01,Mampu membuat perancangan sistem informasi untuk memenuhi kebutuhan organisasi menuju data-driven organization,Dataset_CLO_OBE_SI_TelUJakarta.xlsx
Data Warehouse dan Business Intelligence,CLO-01,Mampu menggunakan metode dan perangkat lunak terkini untuk menghasilkan solusi di bidang data dalam konteks kasus nyata,Dataset_CLO_OBE_SI_TelUJakarta.xlsx
Data Warehouse dan Business Intelligence,CLO-02,Mampu mengembangkan solusi berbasis sistem informasi menggunakan metodologi pengembangan yang tepat.,Dataset_CLO_OBE_SI_TelUJakarta.xlsx
Data Warehouse dan Business Intelligence,CLO-05,Mampu memodelkan kebutuhan infokom dalam konteks enterprise atau masyarakat,Dataset_CLO_OBE_SI_TelUJakarta.xlsx
Data Warehouse dan Business Intelligence,CLO-08,Mampu memahami konsep dasar bidang infokom yang digunakan dalam lingkup disiplin ilmu sistem informasi,Dataset_CLO_OBE_SI_TelUJakarta.xlsx
Desain Pengalaman Pengguna,CLO01a,Memahami Konsep dan Metodologi Studi terhadap pengguna,ITS_SI_BRIN.xlsx
Desain Pengalaman Pengguna,CLO01b,Memahami Konsep dan metodologi perancangan pengalaman pengguna,ITS_SI_BRIN.xlsx
Desain Pengalaman Pengguna,CLO01c,Menerapkan teknik memahami ruang masalah pengguna,ITS_SI_BRIN.xlsx
Desain Pengalaman Pengguna,CLO01d,Menerapkan teknik penggalian ide rancangan,ITS_SI_BRIN.xlsx
Desain Pengalaman Pengguna,CLO01e,Menerapkan teknik perancangan prototipe dan ruang solusi,ITS_SI_BRIN.xlsx
Desain Pengalaman Pengguna,CLO01f,Menerapkan teknik evaluasi terhadap rancangan,ITS_SI_BRIN.xlsx
Desain dan Manajemen Jaringan Komputer,CLO01,Memahami konsep arsitektur & infrastruktur jaringan perusahaan,ITS_SI_BRIN.xlsx
Desain dan Manajemen Jaringan Komputer,CLO02,Memahami dan menyusun desain jaringan komputer,ITS_SI_BRIN.xlsx
Desain dan Manajemen Jaringan Komputer,CLO03,Merancang jaringan komputer sesuai kebutuhan pengguna,ITS_SI_BRIN.xlsx
Design Thinking,CLO 1-1,Mampu menganalisis peluang model bisnis digital,TeluSurabaya.xlsx
Design Thinking,CLO 1-2,Mampu menyusun rencana kebutuhan sumber daya untuk menjalankan bisnis digital,TeluSurabaya.xlsx
Design Thinking,CLO 2-1,Mampu mengembangkan rencana bisnis digital,TeluSurabaya.xlsx
Design Thinking,CLO 3-1,Mampu mengkomunikasikan ide bisnis kepada stakeholder,TeluSurabaya.xlsx
Design Thinking,CLO01a,Menguraikan design thinking untuk menghasilkan ide-ide baru,ITS_SI_BRIN.xlsx
Design Thinking,CLO01b,Menggali praktek design thinking di startup untuk menghasilkan produk baru,ITS_SI_BRIN.xlsx
Design Thinking,CLO01c,Mengemukakan design thinking yang dipraktekkan startup dalam membuat produk,ITS_SI_BRIN.xlsx
Design Thinking,CLO01d,Mencoba proses design thinking untuk memecahkan masalah di sekitar,ITS_SI_BRIN.xlsx
Etika Profesi,CLO 1-SubCLO1,Memahami etika yang harus dipenuhi dalam bidang Teknologi Informasi dan prinsip etika,TeluSurabaya.xlsx
Etika Profesi,CLO 1-SubCLO2,Memahami etika sebagai profesional dalam bidang Teknologi Informasi,TeluSurabaya.xlsx
Etika Profesi,CLO 2-SubCLO3,Memahami kode etik terkait dengan penggunaan teknologi informasi dan data,TeluSurabaya.xlsx
Etika Profesi,CLO 2-SubCLO4,Mampu menganalisis dampak teknologi digital di masyarakat,TeluSurabaya.xlsx
Etika Profesi,CLO 2-SubCLO5,Mampu memahami dan menjelaskan etika dalam penggunaan teknologi informasi di konteks organisasi dan masyarakat,TeluSurabaya.xlsx
Etika Teknologi Informasi,CLO01a,Memahami kode etik profesional dan pengguna TI,ITS_SI_BRIN.xlsx
Etika Teknologi Informasi,CLO01b,Memahami permasalahan hukum akibat penggunaan TI,ITS_SI_BRIN.xlsx
Etika Teknologi Informasi,CLO01c,"Menganalisa fenomena penggunaan TI dari aspek etika, moral dan hukum",ITS_SI_BRIN.xlsx
Forensika Digital,CLO01a,Memahami potensi ancaman data dan solusi pengamanannya,ITS_SI_BRIN.xlsx
Forensika Digital,CLO01b,Membangun keamanan data dan infrastruktur sistem,ITS_SI_BRIN.xlsx
Forensika Digital,CLO01c,Melaporkan proses pengembangan keamanan sistem,ITS_SI_BRIN.xlsx
Forensika Digital,CLO01d,Menerapkan identifikasi dan preservasi bukti elektronik,ITS_SI_BRIN.xlsx
Grafik Pengetahuan,CLO01a,Memahami konsep knowledge graph,ITS_SI_BRIN.xlsx
Grafik Pengetahuan,CLO01b,Mendemonstrasikan pemodelan data dalam bentuk graph,ITS_SI_BRIN.xlsx
Grafik Pengetahuan,CLO01c,Memahami algoritma graph dalam menganalisa data,ITS_SI_BRIN.xlsx
Grafik Pengetahuan,CLO01d,Mendemonstrasikan penggunaan algoritma graph,ITS_SI_BRIN.xlsx
Implementasi Arsitektur Enterprise,CLO 1,[PLO01-CLO04] Mampu menganalisis permasalahan dalam bidang infokom dalam konteks enterprise atau masyarakat,TeluSurabaya.xlsx
Implementasi Arsitektur Enterprise,CLO 2,"[PLO08-CLO05] Mampu menggunakan teknik, metode, perangkat lunak terkini untuk menghasilkan solusi di bidang pengelolaan fungsi dan bisnis organisasi dalam konteks kasus nyata",TeluSurabaya.xlsx
Implementasi Arsitektur Enterprise,CLO 3,[PLO09-CLO03] Mampu menyusun perencanaan dalam konteks sistem informasi menggunakan ilmu dan praktek yang relevan,TeluSurabaya.xlsx
Infrastruktur TI,CLO01a,Memahami Dasar Sistem Komputer,ITS_SI_BRIN.xlsx
Infrastruktur TI,CLO01b,Memahami Perangkat Keras Komputer,ITS_SI_BRIN.xlsx
Infrastruktur TI,CLO01c,Memahami Perangkat Lunak Dasar,ITS_SI_BRIN.xlsx
Infrastruktur TI,CLO01d,Memahami Dasar Jaringan Komputer,ITS_SI_BRIN.xlsx
Infrastruktur TI,CLO01e,Menerapkan Infrastruktur TI untuk Bisnis Organisasi,ITS_SI_BRIN.xlsx
Integrasi Aplikasi Enterprise,CLO 1-01,Mampu mengidentifikasi kebutuhan integrasi aplikasi enterprise,TeluSurabaya.xlsx
Integrasi Aplikasi Enterprise,CLO 2-02,Mampu mengimplementasikan teknologi integrasi yang paling sesuai dengan kebutuhan sistem informasi enterprise.,TeluSurabaya.xlsx
Integrasi Aplikasi Enterprise,CLO 2-03,Mampu menggunakan kakas atau teknologi terbaru yang berkaitan dengan integrasi aplikasi enterprise untuk menghasilkan solusi efektif.,TeluSurabaya.xlsx
Integrasi Aplikasi Enterprise,CLO-03,[PLO01] CLO03 - Mampu mengidentifikasi kebutuhan sistem informasi dalam konteks enterprise atau masyarakat,Dataset_CLO_OBE_SI_TelUJakarta.xlsx
Integrasi Aplikasi Enterprise,CLO-03,[PLO08] CLO03 - Mampu menggunakan metode atau perangkat lunak tertentu dalam keilmuan sistem informasi dalam konteks penelitian atau proyek nyata,Dataset_CLO_OBE_SI_TelUJakarta.xlsx
Internalisasi Budaya dan Pembentukan Karakter,CLO 1,Memahami nilai-nilai inti karakter mahasiswa yang berlandaskan budaya Telkom University,TeluSurabaya.xlsx
Internalisasi Budaya dan Pembentukan Karakter,CLO 2,Memahami ketahanan diri mahasiswa dalam penerapan karakter HEI,TeluSurabaya.xlsx
Internalisasi Budaya dan Pembentukan Karakter,CLO 3,"Mengaplikasikan karakter HEI di lingkungan kampus, melalui penguatan kampus hijau",TeluSurabaya.xlsx
Jaringan Komputer,CLO 1-SubCLO01,"Memahami dasar Komunikasi Jaringan Komputer serta Ketersediaan ,Keterpercayaan dan Keamanan Jaringan Komputer",TeluSurabaya.xlsx
Jaringan Komputer,CLO 2-SubCLO02,Mampu menerapkan pengalamatan dan konfigurasi perangkat jaringan komputer,TeluSurabaya.xlsx
Jaringan Komputer,CLO 3-SubCLO03,Mampu merancang jaringan komputer dalam sebuah institusi,TeluSurabaya.xlsx
Jaringan Komputer,CLO-02,Mampu menggunakan teknik atau perangkat dalam bidang infrastruktur teknologi informasi untuk organisasi,Dataset_CLO_OBE_SI_TelUJakarta.xlsx
Jaringan Komputer,CLO-08,Mampu memahami konsep dasar bidang infokom yang digunakan dalam lingkup disiplin ilmu sistem informasi,Dataset_CLO_OBE_SI_TelUJakarta.xlsx
Jaringan Komputer,CLO-09,Mampu menerapkan perspektif disiplin lain dalam analisis permasalahan infokom,Dataset_CLO_OBE_SI_TelUJakarta.xlsx
Keamanan Sistem Informasi,CLO 1,"Mampu menggunakan teknik, metode, perangkat lunak, atau kakasterkini untuk menghasilkan solusi di bidang sistem informasi dalam konteks praktikum.",TeluSurabaya.xlsx
Keamanan Sistem Informasi,CLO 2,"Mampu menggunakan teknik, metode, perangkat lunak, atau kakasterkini untuk menghasilkan solusi di bidang sistem informasi dalam konteks kasus nyata.",TeluSurabaya.xlsx
Keamanan Sistem Informasi,CLO-01,Mampu menggunakan metode dan perangkat lunak terkini untuk menghasilkan solusi di bidang data dalam konteks kasus nyata,Dataset_CLO_OBE_SI_TelUJakarta.xlsx
Keamanan Sistem Informasi,CLO-02,Mampu menggunakan teknik atau perangkat dalam bidang infrastruktur teknologi informasi untuk organisasi,Dataset_CLO_OBE_SI_TelUJakarta.xlsx
Keamanan Sistem Informasi,CLO-03,Mampu mengidentifikasi kebutuhan sistem informasi dalam konteks enterprise atau masyarakat,Dataset_CLO_OBE_SI_TelUJakarta.xlsx
Keamanan Sistem Informasi,CLO-08,Mampu memahami konsep dasar bidang infokom yang digunakan dalam lingkup disiplin ilmu sistem informasi,Dataset_CLO_OBE_SI_TelUJakarta.xlsx
Kecerdasan Artifisial dan Penerapannya,CLO 1,Mahasiswa mampu memahami konsep sistem berbasis kecerdasan,TeluSurabaya.xlsx
Kecerdasan Artifisial dan Penerapannya,CLO 1,"Mahasiswa mampu memahami Gambaran umum masalah AI, Contoh-contoh aplikasi AI terbaru yang sukses",TeluSurabaya.xlsx
Kecerdasan Artifisial dan Penerapannya,CLO 2,Mahasiswa mampu memahami berbagai algoritma pembelajaran mesin dan aplikasinya dalam sistem informasi. (linear dan klasifikasi),TeluSurabaya.xlsx
Kecerdasan Artifisial dan Penerapannya,CLO 2,Mahasiswa mampu memahami berbagai algoritma pembelajaran mesin dan aplikasinya dalam sistem informasi. (Clustering),TeluSurabaya.xlsx
Kecerdasan Artifisial dan Penerapannya,CLO 3,Mahasiswa mampu menerapkan konsep AI dalam pengambilan keputusan,TeluSurabaya.xlsx
Kecerdasan Artifisial dan Penerapannya,CLO 3,Mahasiswa mampu memahami konsep AI untuk analisis dan prediksi data,TeluSurabaya.xlsx
Kecerdasan Artifisial dan Penerapannya,CLO 3,Mahasiswa mampu memahami konsep jaringan syaraf tiruan dan arsitekturnya,TeluSurabaya.xlsx
Kecerdasan Artifisial dan Penerapannya,CLO 3,Mahasiswa mampu menjelaskan reinforcement learning dan optimal control.,TeluSurabaya.xlsx
Kecerdasan Artifisial dan Penerapannya,CLO 3,Mahasiswa mampu menjelaskan library di neural networks dan reinforcement learning.,TeluSurabaya.xlsx
Kecerdasan Artifisial dan Penerapannya,CLO 4,Mahasiswa mampu menjelaskan dasardasar jaringan syaraf tiruan.,TeluSurabaya.xlsx
Kecerdasan Artifisial dan Penerapannya,CLO 4,Mahasiswa mampu menerapkan reinforcement learning.,TeluSurabaya.xlsx
Kecerdasan Artifisial dan Penerapannya,CLO 5,Mampu membuat aplikasi sederhana berbasis AI,TeluSurabaya.xlsx
Kecerdasan Artifisial dan Penerapannya,CLO 5,Mahasiswa mampu membangun software project dan deployment berbasis AI.,TeluSurabaya.xlsx
Kepemimpinan dan Komunikasi Interpersonal,CLO 1,Mampu beradaptasi dengan lingkungan baru,TeluSurabaya.xlsx
Kepemimpinan dan Komunikasi Interpersonal,CLO 2,Mampu bekerja sama dalam tim baik sebagai pemimpin maupun yang dipimpin,TeluSurabaya.xlsx
Kepemimpinan dan Komunikasi Interpersonal,CLO 3,Mahasiswa mampu menyusun dan mengkomunikasikan ide dan pemikiran dalam berbagai bentuk media informasi,TeluSurabaya.xlsx
Kepemimpinan dan Komunikasi Interpersonal,CLO 4,Mahasiswa mampu menyajikan beberapa alternatif solusi rancangan dan membuat keputusan berdasarkan hasil dari berpikir kreatif,TeluSurabaya.xlsx
Kerja Praktek dan Pengabdian Masyarakat,CLO 1-1,Mahasiswa mampu menunjukkan etos kerja yang baik dan bersikap profesional dalam melaksanakan tugas-tugas atau pekerjaan selama KP,TeluSurabaya.xlsx
Kerja Praktek dan Pengabdian Masyarakat,CLO 2-1,"Mahasiswa mampu merencanakan penyelesaian tugas atau pekerjaan, bekerja efektif, mandiri dan bekerja sama di dalam tim organisasi perusahaan selama KP",TeluSurabaya.xlsx
Kerja Praktek dan Pengabdian Masyarakat,CLO 3-1,Mahasiswa mampu mengkomunikasikan hasil tugas atau pekerjaan selama KP secara lisan dan tulisan dalam bentuk laporan KP yang terstruktur,TeluSurabaya.xlsx
Kerja Praktek dan Pengabdian Masyarakat,CLO 4-1,Mahasiswa mampu mengidentifikasi dan memformulasikan masalah dengan baik yang didukung oleh data-data sebagai sebuah pengetahuan baru untuk mahasiswa yang diperoleh selama KP,TeluSurabaya.xlsx
Kewirausahaan,CLO 1,Mampu menjelaskan pengertian kewirausahaan,TeluSurabaya.xlsx
Kewirausahaan,CLO 1,"Mampu menjelaskan pengertian inovasi, kreativitas, dan pengembangan ide",TeluSurabaya.xlsx
Kewirausahaan,CLO 2,Mampu merancang business plan,TeluSurabaya.xlsx
Kewirausahaan,CLO 2,Mampu merancang Marketing Mix untuk Business Plan,TeluSurabaya.xlsx
Kewirausahaan,CLO 2,Mampu merencanakan aspek operasinal pada business plan,TeluSurabaya.xlsx
Kewirausahaan,CLO 2,Mampu menyusun aspek finansial pada business plan,TeluSurabaya.xlsx
Kewirausahaan,CLO 2,Mampu melakukan negosiasi untuk mendapatkan pendanaan dari investor,TeluSurabaya.xlsx
Kewirausahaan,CLO 3,Mampu menerapkan business plan dan mengembangkan usaha untuk menghasilkan keuntungan,TeluSurabaya.xlsx
Komputasi Awan,CLO 1,"PLO1-CLO01. Mahasiswa mampu memahami konsep utama, teknologi utama, kekuatan, keterbatasan komputasi awan.",TeluSurabaya.xlsx
Komputasi Awan,CLO 2,"PLO1-CLO02. Mahasiswa mampu mengidentifikasi arsitektur dan infrastruktur komputasi awan, termasuk pengiriman awan dan model penerapannya",TeluSurabaya.xlsx
Komputasi Awan,CLO 3,"PLO8-CLO03. Mahasiswa mampu menganalisis masalah inti dari komputasi awan mulai dari infrastrukturnya, layanannya dan keamanannya",TeluSurabaya.xlsx
Komputasi Awan,CLO 4,"PLO8-CLO04. Mahasiswa mampu mengidentifikasi solusi dan rekomendasi dari permasalahan komputasi awan yang tepat sesuai dengan hasil analisis, dan evaluasi dari aplikasi yang digunakan",TeluSurabaya.xlsx
Komputasi Lunak,CLO01a,Memahami konsep komputasi lunak dan optimasi,ITS_SI_BRIN.xlsx
Komputasi Lunak,CLO01b,Memahami beberapa metode komputasi lunak,ITS_SI_BRIN.xlsx
Komputasi Lunak,CLO01c,Memahami jenis algoritma berbasis evolusi,ITS_SI_BRIN.xlsx
Komputasi Lunak,CLO01d,Memahami aplikasi komputasi lunak untuk kasus nyata,ITS_SI_BRIN.xlsx
Logika dan Struktur Diskrit,CLO01a,"Menjelaskan dan menerapkan konsep-konsep dasar logika (proposisi, premis, kesimpulan, inferensi)",ITS_SI_BRIN.xlsx
Logika dan Struktur Diskrit,CLO01b,Menggunakan metode pembuktian untuk menguji kebenaran teorema matematis,ITS_SI_BRIN.xlsx
Logika dan Struktur Diskrit,CLO01c,"Menjelaskan dan menerapkan konsep dasar struktur diskrit (teori bilangan, himpunan, induksi, rekursi)",ITS_SI_BRIN.xlsx
Logika dan Struktur Diskrit,CLO01d,Memahami metode  counting  dan merepresentasikan permasalahan dalam bentuk relasi dan graf,ITS_SI_BRIN.xlsx
Logika dan Struktur Diskrit,CLO01e,Menerapkan logika dan struktur diskrit untuk memecahkan masalah komputasional,ITS_SI_BRIN.xlsx
Manajemen Data Enterprise,CLO 1,"Mampu memahami prinsip-prinsip infokom yang mencakup komputasi, matematika, statistika, teknologi informasi dan komunikasi, dan desain yang terkait dalam bidang sistem informasi",TeluSurabaya.xlsx
Manajemen Data Enterprise,CLO 1-SUB CLO 1-1,"Mahasiswa mampu menjelaskan konsep dasar tata kelola dan manajemen data meliputi prinsip, proses, dan kerangka kerja berbasis siklus pengelolaan dan perbaikan yang berkelanjutan",TeluSurabaya.xlsx
Manajemen Data Enterprise,CLO 1-SUB CLO 1-2,Mahasiswa mampu mendapatkan pengetahuan yang memadai mengenai best practices dalam tata kelola dan manajemen data,TeluSurabaya.xlsx
Manajemen Data Enterprise,CLO 3-SUB CLO 3-1,Mahasiswa mampu melakukan asesmen dan analisis kesenjangan implementasi tata kelola dan manajemen data,TeluSurabaya.xlsx
Manajemen Data Enterprise,CLO 5-SUB CLO 5-1,"Mahasiswa mampu merancang solusi personil, proses dan teknologi tata kelola dan manajemen data untuk diterapkan pada suatu obyek organisasi serta merekomendasikan tingkat prioritas implementasinya",TeluSurabaya.xlsx
Manajemen Hubungan Pelanggan,CLO01a,Memahami konsep rekayasa dan Manajemen Hubungan Pelanggan,ITS_SI_BRIN.xlsx
Manajemen Hubungan Pelanggan,CLO01b,Menjabarkan teori dan isu terbaru CRM,ITS_SI_BRIN.xlsx
Manajemen Hubungan Pelanggan,CLO01c,Merencanakan diseminasi teori CRM kepada masyarakat,ITS_SI_BRIN.xlsx
Manajemen Hubungan Pelanggan,CLO01d,Menilai dan mempraktikkan perbaikan program CRM,ITS_SI_BRIN.xlsx
Manajemen Investasi TI,CLO01a,Memahami konsep investasi TI dan analisis kebutuhan,ITS_SI_BRIN.xlsx
Manajemen Investasi TI,CLO01b,Memahami model akuisisi dan metode finansial/ekonomi,ITS_SI_BRIN.xlsx
Manajemen Investasi TI,CLO01c,Menerapkan metode multi kriteria untuk investasi TI,ITS_SI_BRIN.xlsx
Manajemen Investasi TI,CLO01d,Menganalisis kelayakan untuk memilih alternatif terbaik,ITS_SI_BRIN.xlsx
Manajemen Layanan TI,CLO01a,Menjelaskan konsep-konsep penting Manajemen Layanan TI,ITS_SI_BRIN.xlsx
Manajemen Layanan TI,CLO01b,"Menjelaskan model-model utama (SVS, SVC, ITIL)",ITS_SI_BRIN.xlsx
Manajemen Layanan TI,CLO01c,Menjelaskan 34 practices Manajemen Layanan TI,ITS_SI_BRIN.xlsx
Manajemen Perubahan Organisasi,CLO01a,Memahami konsep kepemimpinan dan gaya kepemimpinan,ITS_SI_BRIN.xlsx
Manajemen Perubahan Organisasi,CLO01b,Memahami strategi pengembangan kepemimpinan,ITS_SI_BRIN.xlsx
Manajemen Perubahan Organisasi,CLO01c,"Memahami konsep, tipe dan model manajemen perubahan",ITS_SI_BRIN.xlsx
Manajemen Perubahan Organisasi,CLO01d,Menerapkan model manajemen perubahan dalam studi kasus,ITS_SI_BRIN.xlsx
Manajemen Proses Bisnis,CLO01a,Mengklasifikasikan proses bisnis dalam organisasi,ITS_SI_BRIN.xlsx
Manajemen Proses Bisnis,CLO01b,Menemukan dan menggambarkan proses AS-IS,ITS_SI_BRIN.xlsx
Manajemen Proses Bisnis,CLO01c,Menganalisis proses secara kualitatif dan kuantitatif,ITS_SI_BRIN.xlsx
Manajemen Proses Bisnis,CLO01d,Merancang ulang proses bisnis,ITS_SI_BRIN.xlsx
Manajemen Proses Bisnis,CLO01e,Mendemonstrasikan eksekusi proses model di atas perangkat lunak BPM,ITS_SI_BRIN.xlsx
Manajemen Proyek Sistem Informasi,CLO 1,Mampu berinisiatif dan bertanggungjawab untuk menyelesaikan berbagai tugas dalam tim,TeluSurabaya.xlsx
Manajemen Proyek Sistem Informasi,CLO 2,Mampu menulis dokumen profesionalsesuai dengan konteks profesional,TeluSurabaya.xlsx
Manajemen Proyek Sistem Informasi,CLO 3,Mampu menggunakan metode atau perangkat lunak tertentu dalam keilmuan sistem informasi dalam konteks penelitian atau proyek nyata,TeluSurabaya.xlsx
Manajemen Proyek Sistem Informasi,CLO 4,Mampu memahami prinsip-prinsip manajemen sistem informasi dalam konteks organisasi,TeluSurabaya.xlsx
Manajemen Proyek Sistem Informasi,CLO 5,Mampu menyusun perencanaan dalam konteks sistem informasi menggunakan ilmu dan praktek yang relevan,TeluSurabaya.xlsx
Manajemen Proyek Sistem Informasi,CLO-01,Mampu berinisiatif dan bertanggungjawab untuk menyelesaikan berbagai tugas dalam tim,Dataset_CLO_OBE_SI_TelUJakarta.xlsx
Manajemen Proyek Sistem Informasi,CLO-01,Mampu memahami prinsip-prinsip manajemen sistem informasi dalam konteks organisasi,Dataset_CLO_OBE_SI_TelUJakarta.xlsx
Manajemen Proyek Sistem Informasi,CLO-02,Mampu menulis dokumen profesional sesuai dengan konteks profesional,Dataset_CLO_OBE_SI_TelUJakarta.xlsx
Manajemen Proyek Sistem Informasi,CLO-03,Mampu menggunakan metode atau perangkat lunak tertentu dalam keilmuan sistem informasi dalam konteks penelitian atau proyek nyata,Dataset_CLO_OBE_SI_TelUJakarta.xlsx
Manajemen Proyek Sistem Informasi,CLO-03,Mampu menyusun perencanaan dalam konteks sistem informasi menggunakan ilmu dan praktek yang relevan,Dataset_CLO_OBE_SI_TelUJakarta.xlsx
Manajemen Proyek Tangkas,CLO01a,Menunjukkan filosofi dan prinsip yang mendasari agile,ITS_SI_BRIN.xlsx
Manajemen Proyek Tangkas,CLO01b,Mengemukakan siklus hidup proyek agile dan konfigurasi alternatif,ITS_SI_BRIN.xlsx
Manajemen Proyek Tangkas,CLO01c,Mengoperasikan teknik agile serta manfaat dan keterbatasannya,ITS_SI_BRIN.xlsx
Manajemen Proyek Tangkas,CLO01d,"Mengimplementasikan pengelolaan proyek agile (perencanaan, eksekusi, kontrol)",ITS_SI_BRIN.xlsx
Manajemen Rantai Pasok,CLO 1,[PLO09-CLO01] Mampu menjelaskan mengenai prinsip dasar Operasi dan Manajemen Rantai Pasok untuk mendukung strategi perusahaan.,TeluSurabaya.xlsx
Manajemen Rantai Pasok,CLO 1-sub-CLO01,Mampu menjelaskan pentingnya strategi dan manajemen rantai pasok dalam strategi perusahaan.,TeluSurabaya.xlsx
Manajemen Rantai Pasok,CLO 1-sub-CLO02,Mampu menjelaskan proses rantai pasok dan strategi manajemen rantai pasok di era modern.,TeluSurabaya.xlsx
Manajemen Rantai Pasok,CLO 1-sub-CLO03,"Mampu menjelaskan tentang procurement, distribution barang/jasa serta tren rantai pasok global.",TeluSurabaya.xlsx
Manajemen Rantai Pasok,CLO 2-sub-CLO01,Mampu melakukan demand forecasting dan menganalisanya dengan berbagai metode yang ada.,TeluSurabaya.xlsx
Manajemen Rantai Pasok,CLO 2-sub-CLO02,Mampu membuat dan menganalisa manajemen inventory sesuai kebutuhan perusahaan.,TeluSurabaya.xlsx
Manajemen Rantai Pasok,CLO 2-sub-CLO03,Mampu merencanakan sales dan menentukan kapasitas sumber daya perusahaan yang diperlukan.,TeluSurabaya.xlsx
Manajemen Rantai Pasok,CLO 2-sub-CLO04,Mampu merencanakan dan menganalisa sumber daya perusahaan yang diperlukan untuk produksi.,TeluSurabaya.xlsx
Manajemen Rantai Pasok,CLO 3-sub-CLO01,Mampu melakukan proses procurement menggunakan perangkat lunak manajemen rantai pasok.,TeluSurabaya.xlsx
Manajemen Rantai Pasok,CLO 3-sub-CLO02,Mampu menggunakan master data dan fungsi reporting dan analysis pada perangkat lunak manajemen rantai pasok.,TeluSurabaya.xlsx
Manajemen Rantai Pasok,CLO01a,Menjabarkan konsep manajemen rantai pasok dan strateginya,ITS_SI_BRIN.xlsx
Manajemen Rantai Pasok,CLO01b,Menerapkan peramalan dan perencanaan agregat rantai pasok,ITS_SI_BRIN.xlsx
Manajemen Rantai Pasok,CLO01c,"Memecahkan masalah proses bisnis umum (persediaan, logistik)",ITS_SI_BRIN.xlsx
Manajemen Rantai Pasok,CLO01d,Mengusulkan solusi TI untuk supply chain nyata,ITS_SI_BRIN.xlsx
Manajemen Risiko TI,CLO01a,Memahami ketidakpastian bisnis dan kerentanan data/informasi,ITS_SI_BRIN.xlsx
Manajemen Risiko TI,CLO01b,Mengelola risiko TI untuk keberlangsungan bisnis,ITS_SI_BRIN.xlsx
Manajemen Risiko TI,CLO01c,Mengelola sistem informasi yang aman dan akuntabel,ITS_SI_BRIN.xlsx
Manajemen Sumber Daya Manusia,CLO 1-1.1,Mampu mengidentifikasi peran manajemen sumberdaya manusia,TeluSurabaya.xlsx
Manajemen Sumber Daya Manusia,CLO 1-1.2,"Mampu menganalisis elemen-elemen alur kerja, spesifikasi kerja dan struktur organisasi",TeluSurabaya.xlsx
Manajemen Sumber Daya Manusia,CLO 2-2.1,Mampu menjelaskan proses perencanaan sumberdaya manusia yang sesuai dengan strategi organisasi,TeluSurabaya.xlsx
Manajemen Sumber Daya Manusia,CLO 2-2.2,Mampu menjelaskan dan menganalisis proses penyeleksian personil dan perekrutan,TeluSurabaya.xlsx
Manajemen Sumber Daya Manusia,CLO 2-2.3,Mampu menjelaskan dan menghubungkan program pelatihan dengan kebutuhan organisasi,TeluSurabaya.xlsx
Manajemen Sumber Daya Manusia,CLO 2-2.4,Mampu mengidentifikasi bagaimana pengembangan keahlian meliputi pelatihan dan pengembangan karyawan,TeluSurabaya.xlsx
Manajemen Sumber Daya Manusia,CLO 3-3.1,Mampu mengidentifikasi aktivitas pengukuran kinerja pegawai sesuai tujuan perusahaan,TeluSurabaya.xlsx
Manajemen Sumber Daya Manusia,CLO 3-3.2,Mampu mengidentifikasi dan mendiskusikan jenis-jenis kompensasi karyawan,TeluSurabaya.xlsx
Manajemen Sumber Daya Manusia,CLO 3-3.3,Mampu mengklasifikasi trend dan komposisi sumberdaya manusia sebagai faktor pendukung bisnis dalam cakupan sistem perusahaan,TeluSurabaya.xlsx
Manajemen Sumber Daya Manusia,CLO 3-3.4,"Mampu menjelaskan perbedaan proses pemberhentian, regenerasi, dan retirement pegawai di lingkup profesional",TeluSurabaya.xlsx
Manajemen Sumber Daya Manusia,CLO 4-4.1,Mampu menyusun dan mengelola kualifikasi karyawan dengan mengimplementasi sistem enterprise terintegrasi,TeluSurabaya.xlsx
Manajemen Sumber Daya Manusia,CLO 4-4.2,Mampu mengaplikasikan dan mengelola personnel infotype berbasis sistem enterprise terintegrasi,TeluSurabaya.xlsx
Manajemen Sumber Daya Manusia,CLO 5-5.1,Mampu mengaplikasikan dan mengevaluasi manajemen waktu dan penjadwalan karyawan dengan pengimplementasian sistem enterprise terintegrasi,TeluSurabaya.xlsx
Manajemen Sumber Daya Manusia,CLO 5-5.3,Mampu mengaplikasikan dan mengevaluasi proses rekrutmen dan on-boarding karyawan dengan mengimplementasi sistem enterprise terintegrasi,TeluSurabaya.xlsx
Matematika Diskrit,CLO 1-SubCLO-1.1,Mampu membedakan proposisi atomik dan proposisi majemuk dan menggunakan tabel kebenaran,TeluSurabaya.xlsx
Matematika Diskrit,CLO 1-SubCLO-1.2,"Mampu menggunakan tabel kebenaran, prinsip implikasi dan biimplikasi untuk menyimpulkan kesahihan argumen",TeluSurabaya.xlsx
Matematika Diskrit,CLO 1-SubCLO-1.3,"Mampu menjelaskan teori, operasi, dan hukum-hukum serta prinsip yang berkaitan dengan himpunan",TeluSurabaya.xlsx
Matematika Diskrit,CLO 1-SubCLO-1.4,"Mampu menjelaskan definisi, representasi, serta prinsip-prinsip matriks, relasi, dan fungsi",TeluSurabaya.xlsx
Matematika Diskrit,CLO 1-SubCLO-1.5,"Mampu menerapkan prinsip permutasi, kombinasi, pigeon hole, dan peluang diskrit untuk menyelesaikan masalah kombinatorial",TeluSurabaya.xlsx
Matematika Diskrit,CLO 2-3,SubCLO-2.1 Mampu menerapkan prinsip graf untuk menyelesaikan masalah tertentu dalam pemodelan jaringan,TeluSurabaya.xlsx
Matematika Diskrit,CLO 2-4,SubCLO-3.1 Mampu menerapkan prinsip tree (pohon) untuk menyelesaikan masalah tertentu,TeluSurabaya.xlsx
Matematika untuk Sistem Informasi,CLO 1-SubCLO1,Mampu menerapkan sifat-sifat pada himpunan bilangan real untuk menyelesaikan persoalan pada pertidaksamaan dan fungsi,TeluSurabaya.xlsx
Matematika untuk Sistem Informasi,CLO 1-SubCLO2,Mampu memahami konsep turunan dan integral dalam masalah optimasi pemodelan sistem informasi.,TeluSurabaya.xlsx
Matematika untuk Sistem Informasi,CLO 6-SubCLO3,Mampu menerapkan konsep matriks dan vektor dalam permasalahan bidang sistem informasi,TeluSurabaya.xlsx
Metode Penelitian Dan Penyusunan Karya Ilmiah,CLO 1-PLO01-CLO03.1,Mahasiswa mampu mengetahui lingkup penelitian dalam bidang Sistem Informasi,TeluSurabaya.xlsx
Metode Penelitian Dan Penyusunan Karya Ilmiah,CLO 1-PLO01-CLO03.3,Mahasiswa mampu mengenali dan menentukan lingkup penelitian TA dalam bidang Sistem Informasi,TeluSurabaya.xlsx
Metode Penelitian Dan Penyusunan Karya Ilmiah,CLO 1-PLO01-CLO03.5,Mahasiswa mampu membuat mindmap secara terstruktur mengenai literatur yang berkaitan untuk membangun produk TA secara tepat dan sesuai,TeluSurabaya.xlsx
Metode Penelitian Dan Penyusunan Karya Ilmiah,CLO 1-PLO01-CLO03.6,Mahasiswa mampu mengidentifikasikan permasalahan TA,TeluSurabaya.xlsx
Metode Penelitian Dan Penyusunan Karya Ilmiah,CLO 1-PLO01-CLO03.8,Mahasiswa mampu menentukan batasan solusi permasalahan TA,TeluSurabaya.xlsx
Metode Penelitian Dan Penyusunan Karya Ilmiah,CLO 1-PLO01-CLO03.8,Mampu menentukan batasan solusi,TeluSurabaya.xlsx
Metode Penelitian Dan Penyusunan Karya Ilmiah,CLO 2-PLO01-CLO04.1,Mahassiwa mampu menentukan pentingnya permasalahan dan hasil TA yang akan dihasilkan berdasar data darisumber yang akurat,TeluSurabaya.xlsx
Metode Penelitian Dan Penyusunan Karya Ilmiah,CLO 2-PLO01-CLO04.4,Mahasiswa mampu membandingkan dan mengklasifikasikan literatur yang mendukung solusi permasalahan TA yang diusulkan,TeluSurabaya.xlsx
Metode Penelitian Dan Penyusunan Karya Ilmiah,CLO 2-PLO01-CLO04.4,Mampu membandingkan literatur,TeluSurabaya.xlsx
Metode Penelitian Dan Penyusunan Karya Ilmiah,CLO 3-PLO05-CLO02.1,Mahasiswa mampu menulis laporan dan proposal TA sesuai secara terstruktur dan sesuai dengan aturan dan template penulisan dan panduan laporan atau proposal TA,TeluSurabaya.xlsx
Metode Penelitian Dan Penyusunan Karya Ilmiah,CLO 3-PLO05-CLO02.1,Mampu menulis laporan,TeluSurabaya.xlsx
Metode Penelitian Dan Penyusunan Karya Ilmiah,CLO 3-PLO05-CLO02.2,Mahasiswa mampu mencantumkan sumberliteratur pada laporan atau proposal TA sesuai dengan ketentuan aturan (standar) yang ditetapkan dengan benar,TeluSurabaya.xlsx
Metode Penelitian Dan Penyusunan Karya Ilmiah,CLO 3-PLO05-CLO02.2,Mahasiswa mampu mencantumkan sumberliteratur pada laporan atau proposal TA,TeluSurabaya.xlsx
Metode Penelitian Dan Penyusunan Karya Ilmiah,CLO 3-PLO05-CLO02.3,Mahasiswa mampu memahami struktur pembuatan makalah dan mekanisme publikasi karya ilmiah,TeluSurabaya.xlsx
Metode Penelitian Dan Penyusunan Karya Ilmiah,CLO 3-PLO05-CLO02.5,Mahasiswa mampu menggunakan bahasa Inggris untuk mencari dan memahami referensi TA,TeluSurabaya.xlsx
Metode Penelitian Dan Penyusunan Karya Ilmiah,CLO 4-PLO08-CLO03.2,Mahasiswa mampu menentukan satu metode yang sesuai dengan TA dan mampu menjelaskan alasannya,TeluSurabaya.xlsx
Metode Penelitian Dan Penyusunan Karya Ilmiah,CLO 4-PLO08-CLO03.4,Mahasiswa mampu menentukan metode untuk membuat produk dari TA dan cara evaluasi dari hasil TA,TeluSurabaya.xlsx
Metode Penelitian Dan Penyusunan Karya Ilmiah,CLO 4-PLO08-CLO03.4,Mampu menentukan metode produk TA,TeluSurabaya.xlsx
Monitoring dan Evaluasi Organisasi TI,CLO01a,Memahami konsep dasar monitoring dan evaluasi,ITS_SI_BRIN.xlsx
Monitoring dan Evaluasi Organisasi TI,CLO01b,Memahami desain hasil pada monitoring dan evaluasi,ITS_SI_BRIN.xlsx
Monitoring dan Evaluasi Organisasi TI,CLO01c,Mengemukakan indikator serta data monitoring dan evaluasi,ITS_SI_BRIN.xlsx
Monitoring dan Evaluasi Organisasi TI,CLO01d,Menguraikan rencana monitoring dan evaluasi,ITS_SI_BRIN.xlsx
Organisasi dan Fungsional Bisnis,CLO01a,Memahami Organisasi sebagai  system of flows,ITS_SI_BRIN.xlsx
Organisasi dan Fungsional Bisnis,CLO01b,Memahami  Design Parameter  di desain organisasi,ITS_SI_BRIN.xlsx
Organisasi dan Fungsional Bisnis,CLO01c,Memahami  Contingency Factors  di desain organisasi,ITS_SI_BRIN.xlsx
Organisasi dan Fungsional Bisnis,CLO01d,Memahami  Structural Configurations  di desain organisasi,ITS_SI_BRIN.xlsx
Organisasi dan Fungsional Bisnis,CLO01e,Menganalisis Organisasi Bisnis Kontemporer,ITS_SI_BRIN.xlsx
Organisasi dan Fungsional Bisnis,CLO01f,Merekomendasikan perbaikan pada Organisasi Bisnis Kontemporer,ITS_SI_BRIN.xlsx
Pancasila,CLO 1,[PLO4] CLO-1 Mampu menjelaskan Urgensi Pancasila dan Pancasila dalam Kajian Sejarah,TeluSurabaya.xlsx
Pancasila,CLO 1,Mampu menjelaskan Urgensi Pancasila,TeluSurabaya.xlsx
Pancasila,CLO 2,[PLO4] CLO-2 Mampu menganalisis Pancasila sebagai dasar negara dan ideologi negara,TeluSurabaya.xlsx
Pancasila,CLO 3,[PLO4] CL0-3 Mampu menganalisis Pancasila sebagai sistem filsafat,TeluSurabaya.xlsx
Pancasila,CLO 3,[PLO4] CL0-3 Mampu menganalisis Pancasila sebagai sistem etika,TeluSurabaya.xlsx
Pancasila,CLO 3,[PLO4] CL0-3 Mampu menganalisis Pancasila sebagai Dasar Nilai Pengembangan Ilmu,TeluSurabaya.xlsx
Pancasila,CLO 3,[PLO4] CL0-3 Mampu menganalisis Pancasila sebagai sistem filsafat/etika/pengembangan ilmu,TeluSurabaya.xlsx
Pelatihan dan Sertifikasi,CLO 1-PLO05-CLO03.1,Mahasiswa mampu menyusun materi pelatihan dan menyelenggarakan pelatihan secara berkelompok terkait sertifikasi bidang peminatan yang telah diperoleh.,TeluSurabaya.xlsx
Pelatihan dan Sertifikasi,CLO 2-PLO07-CLO01.1,Mahasiswa mampu memahami pentingnya sertifikasi dalam dunia kerja,TeluSurabaya.xlsx
Pelatihan dan Sertifikasi,CLO 2-PLO07-CLO01.2,Mahasiswa mampu memahami jenis-jenis sertifikasi di bidang IT/IS sesuai bidang peminatan di prodi Sistem Informasi,TeluSurabaya.xlsx
Pelatihan dan Sertifikasi,CLO 2-PLO07-CLO01.3,Mahasiswa mampu menganalisis kesempatan dan tantangan karir di era industri 4.0 sesuai bidang peminatan,TeluSurabaya.xlsx
Pelatihan dan Sertifikasi,CLO 2-PLO07-CLO02.1,Mahasiswa mampu melaksanakan sertifikasi kompetensi sesuai bidang peminatan dan lulus uji kompetensi.,TeluSurabaya.xlsx
Pemerintahan Elektronik dan Kota Cerdas,CLO 1-1,Mahasiswa mampu memahami konsep dan antar domain smart city,TeluSurabaya.xlsx
Pemerintahan Elektronik dan Kota Cerdas,CLO 1-2,mahasiswa mampu memberikan keilmuan sistem informasi untuk implementasi di lingkungan pemerintah,TeluSurabaya.xlsx
Pemerintahan Elektronik dan Kota Cerdas,CLO 3-1,Mahasiswa bisa menerapkan dan merekayasa solusi untuk smart city,TeluSurabaya.xlsx
Pemerintahan Elektronik dan Kota Cerdas,CLO 4-1,"Mahasiswa mampu memberikan solusi inovasi, ide dan gagasan untuk smart city",TeluSurabaya.xlsx
Pemodelan Proses Bisnis,CLO 1-1.1.,Mampu mengaplikasikan kemampuan berkomunikasi yang efektif untuk menggali kebutuhan.,TeluSurabaya.xlsx
Pemodelan Proses Bisnis,CLO 1-1.2.,"Mampu mengaplikasikan kemampuan berkomunikasi yang efektif untuk menyampaikan hasil pekerjaannya, menerima saran & masukan terkait hasil pekerjaannya, dan menunjukkan pemahaman melalui diskusi atau pertanyaan lanjutan.",TeluSurabaya.xlsx
Pemodelan Proses Bisnis,CLO 2-2.1.,Mampu mamahami penerapan proses bisnis pada tingkat organisasi yang berbeda,TeluSurabaya.xlsx
Pemodelan Proses Bisnis,CLO 4-4.1.,Mampu membuat model proses bisnis (tingkat dasar dan tingkat lanjut).,TeluSurabaya.xlsx
Pemodelan Proses Bisnis,CLO 5-5.1.,Mampu menggunakan teknik dan kakas Pemodelan proses bisnis,TeluSurabaya.xlsx
Pemodelan Proses Bisnis,CLO-01,"Mampu menyampaikan ide, informasi, dan argumen secara jelas dan persuasif dalam bentuk lisan di lingkungan profesional.",Dataset_CLO_OBE_SI_TelUJakarta.xlsx
Pemodelan Proses Bisnis,CLO-02,Mampu menganalisis prinsip dan fungsi manajemen Sistem Informasi untuk mendukung strategi bisnis.,Dataset_CLO_OBE_SI_TelUJakarta.xlsx
Pemodelan Proses Bisnis,CLO-04,Mampu memodelkan penyelenggaraan sistem informasi di konteks organisasi.,Dataset_CLO_OBE_SI_TelUJakarta.xlsx
Pemodelan Proses Bisnis,CLO-05,"Mampu menggunakan teknik, metode, perangkat lunak terkini untuk menghasilkan solusi di bidang pengelolaan fungsi dan bisnis organisasi dalam konteks kasus nyata.",Dataset_CLO_OBE_SI_TelUJakarta.xlsx
Pemodelan Sistem Kognitif,CLO01a,Memahami dasar-dasar cognitive computing,ITS_SI_BRIN.xlsx
Pemodelan Sistem Kognitif,CLO01b,Memahami implementasi soft computing sebagai engine,ITS_SI_BRIN.xlsx
Pemodelan Sistem Kognitif,CLO01c,"Menelaah peran AI, ML, IoT dalam Cognitive Computing",ITS_SI_BRIN.xlsx
Pemodelan Sistem Kognitif,CLO01d,Memahami representasi pengetahuan dan manifestasinya,ITS_SI_BRIN.xlsx
Pemodelan Sistem Kognitif,CLO01e,Memahami peran NLP dan Expert Systems dalam sistem kognitif,ITS_SI_BRIN.xlsx
Pemodelan dan Analitika Prediktif,CLO01a,Menginterpretasikan karakteristik data deret waktu dan teknik peramalan,ITS_SI_BRIN.xlsx
Pemodelan dan Analitika Prediktif,CLO01b,Memproyeksikan masa depan dengan teknik peramalan robust,ITS_SI_BRIN.xlsx
Pemodelan dan Analitika Prediktif,CLO01c,Menggunakan teknik data mining untuk prediksi data numerikal dan kategorikal,ITS_SI_BRIN.xlsx
Pemodelan dan Analitika Prediktif,CLO01d,Menggunakan machine (deep) learning untuk masalah klasifikasi,ITS_SI_BRIN.xlsx
Pemodelan dan Analitika Prediktif,CLO01e,Memerankan sebagai data scientist dalam mengomunikasikan temuan,ITS_SI_BRIN.xlsx
Pemodelan dan Analitika Preskriptif,CLO01a,Memahami permasalahan optimasi kombinatorik,ITS_SI_BRIN.xlsx
Pemodelan dan Analitika Preskriptif,CLO01b,Menjelaskan kompleksitas permasalahan optimasi,ITS_SI_BRIN.xlsx
Pemodelan dan Analitika Preskriptif,CLO01c,Menentukan algoritma heuristik yang tepat,ITS_SI_BRIN.xlsx
Pemodelan dan Analitika Preskriptif,CLO01d,Menerapkan algoritma heuristik untuk masalah kombinatorik,ITS_SI_BRIN.xlsx
Pemodelan dan Analitika Preskriptif,CLO01e,Menganalisis performa dari algoritma heuristik,ITS_SI_BRIN.xlsx
Pemrograman Berorientasi Objek,CLO 1-1,"Mampu menjelaskan konsep-konsep dasar pemrograman berorientasi obyek (sintak dasar, enkapsulasi, inheritance, polimorfisme, abstraksi, dan penanganan eksepsi) dalam pemrograman Java",TeluSurabaya.xlsx
Pemrograman Berorientasi Objek,CLO 2-2,Mampu menerapkan prinsip-prinsip OOP untuk merancang dan mengimplementasikan kelas dan objek Java dengan menggunakan fitur yang sesuai.,TeluSurabaya.xlsx
Pemrograman Berorientasi Objek,CLO-01,"Mampu menjelaskan konsep-konsep dasar pemrograman berorientasi obyek (sintak dasar, enkapsulasi, inheritance, polimorfisme, abstraksi, dan penanganan eksepsi) dalam pemrograman Java.",Dataset_CLO_OBE_SI_TelUJakarta.xlsx
Pemrograman Berorientasi Objek,CLO-02,Mampu menerapkan prinsip-prinsip OOP untuk merancang dan mengimplementasikan kelas dan objek Java dengan menggunakan fitur yang sesuai.,Dataset_CLO_OBE_SI_TelUJakarta.xlsx
Pemrograman Berorientasi Objek,CLO-03,Mampu mengimplementasikan solusi berbasis sistem informasi menggunakan metodologi pengembangan yang tepat,Dataset_CLO_OBE_SI_TelUJakarta.xlsx
Pemrograman Berorientasi Objek,CLO-03,"Mampu merancang, mengembangkan, dan mendokumentasikan aplikasi Java sederhana secara kolaboratif yang memenuhi kebutuhan pengguna dengan menerapkan prinsip-prinsip OOP secara komprehensif.",Dataset_CLO_OBE_SI_TelUJakarta.xlsx
Pemrograman Berorientasi Objek,CLO-08,Mampu memahami konsep dasar bidang infokom yang digunakan dalam lingkup disiplin ilmu sistem informasi,Dataset_CLO_OBE_SI_TelUJakarta.xlsx
Pemrograman Dasar,CLO.AD.2-1,Menjelaskan konsep variabel dan tipe data dalam Java,ITS_SI_BRIN.xlsx
Pemrograman Dasar,CLO.AD.2-2,"Menerapkan konsep input/output, percabangan, dan perulangan",ITS_SI_BRIN.xlsx
Pemrograman Dasar,CLO.AD.2-3,Menerapkan array dalam pemrograman,ITS_SI_BRIN.xlsx
Pemrograman Dasar,CLO.AD.2-4,"Membuat class, method, dan object dalam Java",ITS_SI_BRIN.xlsx
Pemrograman Dasar,CLO.AD.2-5,Menerapkan  exception handling  dalam pemrograman,ITS_SI_BRIN.xlsx
Pemrograman Dasar,CLO.AD.2-6,Membuat program Java untuk masalah komputasional dasar,ITS_SI_BRIN.xlsx
Pemrograman Web,CLO01a,Memahami arsitektur layanan berbasis web,ITS_SI_BRIN.xlsx
Pemrograman Web,CLO01b,Mengemukakan teknologi pembuatan aplikasi web,ITS_SI_BRIN.xlsx
Pemrograman Web,CLO01c,Menganalisis berbagai macam MVC framework,ITS_SI_BRIN.xlsx
Pemrograman Web,CLO01d,Membangun aplikasi berbasis web dengan framework,ITS_SI_BRIN.xlsx
Pemrograman Web,CLO01e,Mendemonstrasikan proses dan hasil pembangunan aplikasi web,ITS_SI_BRIN.xlsx
Penambangan Data,CLO 1-1,Mahasiswa mampu melakukan eksplorasi data sesuai dengan jenis data dan kebutuhan informasi,TeluSurabaya.xlsx
Penambangan Data,CLO 1-2,Mahasiswa mampu menerapkan metode statistika dalam pemodelan data mining untuk mendapatkan informasi yang bermanfaat,TeluSurabaya.xlsx
Penambangan Data,CLO 1-3,"Mahasiswa mampu menginterpretasikan data dalam bentik statistika deskriptiv, baik dalam bentuk statistika data maupun visualisasi data",TeluSurabaya.xlsx
Penambangan Data,CLO 2-1,"Mahasiswa mampu menjelaskan konsep dasar data mining, ruang lingkup, dan penerapan data mining dalam kasus nyata",TeluSurabaya.xlsx
Penambangan Data,CLO 2-2,Mahasiswa mampu membuat pemodelan data yang sesuai dengan Jenis data yang digunakan sehingga menghasilkan informasi yang dapat dimanfaatkan dalam pengambilan keputusan/kebijakan,TeluSurabaya.xlsx
Penambangan Data,CLO 3-1,Mahasiswa mampu menjelaskan jenis-jenis metodologi yang dapat digunakan dalam data mining,TeluSurabaya.xlsx
Penambangan Data,CLO 3-2,Mahasiswa mampu mengaplikasikan tahapan data preprocessing dengan menggunakan data rill,TeluSurabaya.xlsx
Penambangan Data,CLO 3-3,Mahasiswa mampu mengembangkan dashboard sederhana untuk memvisualisasikan hasil pemodelan,TeluSurabaya.xlsx
Penambangan Data,CLO 4-1,Mahasiswa mampu menggunakan metode dalam data mining dan Python/R untuk menghasilkan solusi di bidang data dalam konteks kasus nyata,TeluSurabaya.xlsx
Penambangan Data,CLO-01,Mampu menggunakan metode dan perangkat lunak terkini untuk menghasilkan solusi di bidang data dalam konteks kasus nyata,Dataset_CLO_OBE_SI_TelUJakarta.xlsx
Penambangan Data,CLO-02,Mampu mengembangkan solusi berbasis sistem informasi menggunakan metodologi pengembangan yang tepat.,Dataset_CLO_OBE_SI_TelUJakarta.xlsx
Penambangan Data,CLO-05,Mampu memodelkan kebutuhan infokom dalam konteks enterprise atau masyarakat,Dataset_CLO_OBE_SI_TelUJakarta.xlsx
Penambangan Data,CLO-07,Mampu menerapkan pengetahuan statistika fundamental dalam lingkup ilmu sistem informasi,Dataset_CLO_OBE_SI_TelUJakarta.xlsx
Pengantar Ekonomi dan Bisnis,CLO01a,Menjelaskan gagasan besar teori dan praktek ekonomi modern,ITS_SI_BRIN.xlsx
Pengantar Ekonomi dan Bisnis,CLO01b,"Menjabarkan gagasan besar perniagaan, perdagangan, dan manajemen",ITS_SI_BRIN.xlsx
Pengantar Ekonomi dan Bisnis,CLO01c,Menguraikan strategi bisnis utama pebisnis terkemuka,ITS_SI_BRIN.xlsx
Pengantar Ekonomi dan Bisnis,CLO01d,Menggali pola pikir ekonom besar untuk menyederhanakan konsep sulit,ITS_SI_BRIN.xlsx
Pengantar Sistem Informasi,CLO-01,"Mampu menjelaskan peran dari sistem dan teknologi informasi dalam konteks individu, bisnis, maupun organisasi.",Dataset_CLO_OBE_SI_TelUJakarta.xlsx
Pengantar Sistem Informasi,CLO-02,Mampu menganalisis nilai dan risiko dari penggunaan sistem dan teknologi informasi.,Dataset_CLO_OBE_SI_TelUJakarta.xlsx
Pengantar Sistem Informasi,CLO-04,Mampu memodelkan penyelenggaraan sistem informasi di konteks organisasi.,Dataset_CLO_OBE_SI_TelUJakarta.xlsx
Pengantar Sistem Informasi,CLO-12,Mahasiswa mampu menjelaskan peran profesi sistem informasi dalam upaya pembangunan berkelanjutan.,Dataset_CLO_OBE_SI_TelUJakarta.xlsx
Pengantar Teknologi Elektro dan Informatika Cerdas,CLO01a,Memahami definisi dan komponen Sistem Informasi,ITS_SI_BRIN.xlsx
Pengantar Teknologi Elektro dan Informatika Cerdas,CLO01b,Memahami peran Sistem Informasi dalam bisnis,ITS_SI_BRIN.xlsx
Pengantar Teknologi Elektro dan Informatika Cerdas,CLO01c,Membedakan jenis-jenis SI dan memberikan contoh aplikatif dalam organisasi/bisnis,ITS_SI_BRIN.xlsx
Pengantar Teknologi Elektro dan Informatika Cerdas,CLO01d,Menjelaskan tren dan teknologi terkini dalam Sistem Informasi,ITS_SI_BRIN.xlsx
Pengantar Teknologi Elektro dan Informatika Cerdas,CLO01e,Mengonsepkan sistem informasi yang berguna bagi masyarakat,ITS_SI_BRIN.xlsx
Pengantaran Sistem Informasi,CLO 1-2,Mampu menjelaskan profesi dalam bidang sistem informasi.,TeluSurabaya.xlsx
Pengantaran Sistem Informasi,CLO 2-1,Mampu menjelaskan sistem dan teknologi informasi yang sedang berkembang dan menyesuaikan diri terhadap teknologi yang mendukung.,TeluSurabaya.xlsx
Pengantaran Sistem Informasi,CLO 2-4,"Mampu menjelaskan nilai dan risiko dari data, informasi, dan knowledge di suatu konteks bisnis atau organisasi.",TeluSurabaya.xlsx
Pengantaran Sistem Informasi,CLO 3-3,Mampu menganalisis profesi dalam bidang sistem informasi.,TeluSurabaya.xlsx
Pengembangan Aplikasi Bergerak,CLO 1-01,"Mahasiswa mampu memahami konsep dalam pengembangan aplikasi mobile, trend aplikasi mobile dan perkembangannya",TeluSurabaya.xlsx
Pengembangan Aplikasi Bergerak,CLO 1-02,Mahasiswa mampu membuat aplikasi bergerak/aplikasi mobile dalam bentuk yang sederhana (helloworld),TeluSurabaya.xlsx
Pengembangan Aplikasi Bergerak,CLO 1-02,Mahasiswa mampu membuat aplikasi bergerak/aplikasi mobile dalam bentuk yang sederhana,TeluSurabaya.xlsx
Pengembangan Aplikasi Bergerak,CLO 2-01,Mahasiswa mampu merancang dan membangun suatu solusi berbasis aplikasi bergerak secara integratif,TeluSurabaya.xlsx
Pengembangan Aplikasi Bergerak,CLO 3-01,Mahasiswa mampu merancang dan membuat tampilan (frontend) sesuai dengan kaidah user experience yang baik,TeluSurabaya.xlsx
Pengembangan Aplikasi Bergerak,CLO 3-02,Mahasiswa mampu merancang dan membuat layanan web service / backend untuk aplikasi bergerak,TeluSurabaya.xlsx
Pengembangan Aplikasi Bergerak,CLO 3-03,Mahasiswa mampu membuat aplikasi bergerak yang mempunyai fungsi penyimpanan data baik secara lokal maupun dalam database di server (cloud),TeluSurabaya.xlsx
Pengembangan Aplikasi Website,CLO 1-01,"Mampu menerapkan HTML, CSS dan Bootstrap berdasarkan rancangan halaman website sederhana.",TeluSurabaya.xlsx
Pengembangan Aplikasi Website,CLO 1-02,Mampu membangun solusi aplikasi berbasis web berdasarkan suatu studi kasus tertentu,TeluSurabaya.xlsx
Pengembangan Aplikasi Website,CLO 2-01,Mampu menggunakan pemrograman Server-Side berbasis web dan mengintegrasikan halaman website dengan database,TeluSurabaya.xlsx
Pengembangan Aplikasi Website,CLO 2-02,Mampu menggunakan konsep Model View Controller pada Framework Web,TeluSurabaya.xlsx
Pengembangan Aplikasi Website,CLO 2-03,Mampu menggunakan alat kolaborasi kode dalam membangun solusi aplikasi berbasis web,TeluSurabaya.xlsx
Pengembangan Aplikasi Website,CLO-03,PLO02-CLO03 - Mampu mengimplementasikan solusi berbasis sistem informasi menggunakan metodologi pengembangan yang tepat.,Dataset_CLO_OBE_SI_TelUJakarta.xlsx
Pengembangan Aplikasi Website,CLO-04,"PLO08-CLO04 - Mampu menggunakan teknik, keahlian, dan perangkat dalam pengembangan aplikasi dan integrasinya dalam konteks kasus nyata",Dataset_CLO_OBE_SI_TelUJakarta.xlsx
Pengembangan Sistem Cerdas,CLO-1,[PLO01-CLO01] Mampu memahami konsep- konsep dasar sistem cerdas,Dataset_CLO_OBE_SI_TelUJakarta.xlsx
Pengembangan Sistem Cerdas,CLO-1,"[PLO-1] [PLO1] Mampu menganalisis permasalahan infokom yang komplek, mendefinLisikan, dan memodelkan kebutuhan dalam konteks enterprise Eatau masyarakat dengan menerapkan ilmu dan pengetahuan dalam bidang komputasi, teknologi informasi dan komunikasi, dan disiplin lain yang relevan",Dataset_CLO_OBE_SI_TelUJakarta.xlsx
Pengembangan Sistem Cerdas,CLO-1,O K [CLO-1][PLO01-CLO01] Mampu memahami konsep-konsep dasar sistem cerdas,Dataset_CLO_OBE_SI_TelUJakarta.xlsx
Pengembangan Sistem Cerdas,CLO-3,[PLO08-CLO03] Mampu memahami beberapa teknik dasar sistem cerdas utk klasifikasi seper Decision Tree dan NN,Dataset_CLO_OBE_SI_TelUJakarta.xlsx
Pengembangan Sistem Cerdas,CLO-4,"[PLO02-CLO04] Mampu merancang, membuat arsitektur, dan menerapkan teknik- teknik sistem cerdas pada studi kasus spesifik sbg project based learning",Dataset_CLO_OBE_SI_TelUJakarta.xlsx
Pengembangan Sistem Cerdas,CLO-4,"T [PLO-2] [PLO2] Mampu merancang, mengembangkan, mengimplementasikan, dan mengevaluasi solusi berbasis sistem informasi untuk memenuhi kebutuhan organisasi menuju data- driven organizaon",Dataset_CLO_OBE_SI_TelUJakarta.xlsx
Pengembangan Sistem Cerdas,CLO-4,"[CLO-4][PLO02-CLO04] Mampu merancang, membuat arsitektur, dan menerapkan teknik-teknik sistem cerdas pada studi kasus spesifik sbg project based learning",Dataset_CLO_OBE_SI_TelUJakarta.xlsx
Pengembangan Sistem Cerdas,CLO-5,"[PLO-8] [PL08] Mampu menggunakan metode, teknik, keahlian, atau perangkat terkini yang diperlukan untuk menghasilkan solusi di bidang sistem informasi, baik dalam konteks prakkum ataupun kasus nyata",Dataset_CLO_OBE_SI_TelUJakarta.xlsx
Pengembangan Sistem dan Operasi,CLO01,"Memahami DevOps, kasus bisnis, dan dasarnya",ITS_SI_BRIN.xlsx
Pengembangan Sistem dan Operasi,CLO01 (2),Mengkaji dan mengembangkan ide inovatif TI,ITS_SI_BRIN.xlsx
Pengembangan Sistem dan Operasi,CLO01 (3),Menggali kebutuhan dan merancang integrasi sistem,ITS_SI_BRIN.xlsx
Pengembangan UI Lanjut,CLO 1-1,Mahasiswa mampu memahami konsep dasar UI/UX dan penerapannya,TeluSurabaya.xlsx
Pengembangan UI Lanjut,CLO 1-2,Mahasiswa mampu menjelaskan konsep UX design thinking process,TeluSurabaya.xlsx
Pengembangan UI Lanjut,CLO 1-3,Mahasiswa mampu menerapkan proses konsep dasar UI/UX dan penerapannya,TeluSurabaya.xlsx
Pengembangan UI Lanjut,CLO 2-1,Mahasiswa mampu melakukan user research dan mensintesis hasil,TeluSurabaya.xlsx
Pengembangan UI Lanjut,CLO 2-2,Mahasiswa mampu melakukan ideaon dan brainstorming solusi dari sintesa hasil proses user research,TeluSurabaya.xlsx
Pengembangan UI Lanjut,CLO 3-1,Mahasiswa mampu menerapkan konsep component dan variant properites di Figma,TeluSurabaya.xlsx
Pengembangan UI Lanjut,CLO 3-2,Mahasiswa mampu menerapkan konsep autolayout di Figma,TeluSurabaya.xlsx
Pengembangan UI Lanjut,CLO 3-3,Mahasiswa mampu menerapkan design system pada rancangan user interface di Figma,TeluSurabaya.xlsx
Pengembangan UI Lanjut,CLO 3-4,Mahasiswa mampu menerapkan variable pada rancangan user interface di Figma,TeluSurabaya.xlsx
Pengembangan UI Lanjut,CLO 3-5,Mahasiswa memahami konsep high-fidelity prototype pada Figma,TeluSurabaya.xlsx
Pengembangan UI Lanjut,CLO 3-6,Mahasiswa memahami konsep interacce prototyping pada Figma,TeluSurabaya.xlsx
Pengembangan UI Lanjut,CLO 4-1,Mahasiswa mampu melakukan usability tesng pada prototype,TeluSurabaya.xlsx
Pengembangan UI Lanjut,CLO 4-2,Mahasiswa mampu melakukan sintesis hasil dari pengujian,TeluSurabaya.xlsx
Pengembangan UI Lanjut,CLO 5-1,Mampu mengkomunikasikan hasil perancangan interaksi dalam sebuah forum,TeluSurabaya.xlsx
Pengolahan Bahasa Alami,CLO01a,Memahami dasar konseptual pengolahan bahasa alami,ITS_SI_BRIN.xlsx
Pengolahan Bahasa Alami,CLO01b,Merancang skema encoding bahasa alami sederhana,ITS_SI_BRIN.xlsx
Pengolahan Bahasa Alami,CLO01c,Menerapkan pemodelan bahasa sederhana,ITS_SI_BRIN.xlsx
Pengolahan Bahasa Alami,CLO01d,Mengidentifikasi teknik prapemrosesan bahasa yang tepat,ITS_SI_BRIN.xlsx
Pengolahan Bahasa Alami,CLO01e,Menerapkan teknik analisis data pada teks bahasa alami,ITS_SI_BRIN.xlsx
Pengolahan Bahasa Alami,CLO01f,Menerapkan langkah pembuatan data set bahasa alami,ITS_SI_BRIN.xlsx
Pengolahan Bahasa Alami,CLO01g,"Membuat, mengevaluasi, dan merekomendasikan model NLP",ITS_SI_BRIN.xlsx
Pengujian dan Implementasi Sistem,CLO 1-2,Mahasiswa dapat membedakan pengujian fungsional dan non-fungsional serta menerapkannya dalam studi kasus.,TeluSurabaya.xlsx
Pengujian dan Implementasi Sistem,CLO 1-3,Memahami pentingnya pemeliharaan sistem serta metode evaluasi pascaimplementasi.,TeluSurabaya.xlsx
Pengujian dan Implementasi Sistem,CLO 2-1,Mahasiswa memahami konsep dasar implementasi dan pengujian sistem serta siklus hidup pengembangan sistem.,TeluSurabaya.xlsx
Pengujian dan Implementasi Sistem,CLO 2-2,Mahasiswa dapat membedakan berbagai model implementasi sistem dan memahami keunggulan serta kelemahannya,TeluSurabaya.xlsx
Pengujian dan Implementasi Sistem,CLO 3-1,Mahasiswa memahami jenis-jenis dokumentasi dalam implementasi sistem dan praktik terbaik dalam pembuatannya.,TeluSurabaya.xlsx
Pengujian dan Implementasi Sistem,CLO 3-2,Mahasiswa dapat menerapkan berbagai metode pengujian dalam sebuah proyek nyata.,TeluSurabaya.xlsx
Pengujian dan Implementasi Sistem,CLO 4-1,Mahasiswa mampu mengidentifikasi berbagai jenis pengujian perangkat lunak serta teknik pengujian umum.,TeluSurabaya.xlsx
Pengujian dan Implementasi Sistem,CLO 4-3,Memahami proses auditsistem informasi serta compliance terhadap standar industri.,TeluSurabaya.xlsx
Perancangan & Pengembangan Perangkat Lunak,CLO01a,Menguraikan konsep OOAD dan berbagai diagram UML,ITS_SI_BRIN.xlsx
Perancangan & Pengembangan Perangkat Lunak,CLO01b,Menerapkan analisis dan perancangan dengan Iconic process,ITS_SI_BRIN.xlsx
Perancangan & Pengembangan Perangkat Lunak,CLO01c,Menganalisis konsep konstruksi perangkat lunak,ITS_SI_BRIN.xlsx
Perancangan & Pengembangan Perangkat Lunak,CLO01d,Menguji perangkat lunak sampai level unit,ITS_SI_BRIN.xlsx
Perancangan & Pengembangan Perangkat Lunak,CLO01e,Membangun perangkat lunak skala kecil menengah,ITS_SI_BRIN.xlsx
Perancangan Interaksi,CLO 1-1,Mampu menjelaskan dasar perancangan interaksi,TeluSurabaya.xlsx
Perancangan Interaksi,CLO 1-2,Mampu menerapkan proses perancangan interaksi,TeluSurabaya.xlsx
Perancangan Interaksi,CLO 2-1,Mampu mengindetifikasi permasalahan dan mendefinisikan kebutuhan sistem,TeluSurabaya.xlsx
Perancangan Interaksi,CLO 3-1,Mampu menjelaskan prinsip interaksi,TeluSurabaya.xlsx
Perancangan Interaksi,CLO 3-2,Mampu menjelaskan style interaksi,TeluSurabaya.xlsx
Perancangan Interaksi,CLO 3-3,Mampu menerapkan prinsip - prinsip interaksi,TeluSurabaya.xlsx
Perancangan Interaksi,CLO 3-4,Mampu menerapkan style interaksi menggunakan tools Figma,TeluSurabaya.xlsx
Perancangan Interaksi,CLO 4-1,Mampu menguji produk dengan metode pengujian usability,TeluSurabaya.xlsx
Perancangan Interaksi,CLO 5-1,Mampu mengkomunikasikan hasil perancangan interaksi dalam sebuah forum,TeluSurabaya.xlsx
Perancangan Interaksi,CLO-1,Mampu menjelaskan dasar perancangan interaksi,Dataset_CLO_OBE_SI_TelUJakarta.xlsx
Perancangan Interaksi,CLO-2,Mampu mengindetifikasi permasalahan dan mendefinisikan kebutuhan sistem,Dataset_CLO_OBE_SI_TelUJakarta.xlsx
Perancangan Interaksi,CLO-3,Mampu menerapkan prinsip dan style interaksi dalam setiap proses perancangan interaksi,Dataset_CLO_OBE_SI_TelUJakarta.xlsx
Perancangan Interaksi,CLO-4,Mampu menguji produk dengan metode pengujian usability,Dataset_CLO_OBE_SI_TelUJakarta.xlsx
Perancangan Interaksi,CLO-5,Mampu mengkomunikasikan hasil perancangan interaksi dalam sebuah forum,Dataset_CLO_OBE_SI_TelUJakarta.xlsx
Perencanaan Strategis SI/TI,CLO01,Menjelaskan konsep TI sebagai aset strategis,ITS_SI_BRIN.xlsx
Perencanaan Strategis SI/TI,CLO02,"Membangun Perencanaan Strategis organisasi (SWOT, BSC)",ITS_SI_BRIN.xlsx
Perencanaan Strategis SI/TI,CLO03,Menganalisis Strategi TI dengan berbagai metode,ITS_SI_BRIN.xlsx
Perencanaan Strategis SI/TI,CLO04,Merancang Enterprise Architecture (TOGAF),ITS_SI_BRIN.xlsx
Probabilistik dan Statistika untuk TI,CLO01a,"Memahami terminologi, konsep dasar dan kegunaan statistika",ITS_SI_BRIN.xlsx
Probabilistik dan Statistika untuk TI,CLO01b,Memahami beberapa metode pengumpulan data secara kuantitatif,ITS_SI_BRIN.xlsx
Probabilistik dan Statistika untuk TI,CLO01c,Merumuskan hipotesa dan menarik inferensi data sesuai skala data,ITS_SI_BRIN.xlsx
Probabilistik dan Statistika untuk TI,CLO01d,Menyusun dan mengimplementasikan instrumen pengumpulan data,ITS_SI_BRIN.xlsx
Probabilistik dan Statistika untuk TI,CLO01e,Memahami probabilitas dan  random variable distribution,ITS_SI_BRIN.xlsx
Probabilistik dan Statistika untuk TI,CLO01f,Memahami dasar  inferential statistics : data numerikal dan kategorikal,ITS_SI_BRIN.xlsx
Probabilitas dan Statistik,CLO 1-Sub CLO-01,"Mampu menghitung, menyajikan, dan menginterpretasikan data dalam bidang sistem informasi menggunakan teknik staska deskripf",TeluSurabaya.xlsx
Probabilitas dan Statistik,CLO 1-Sub CLO-02,Mampu memahami dan menerapkan konsep probabilitas dalam analisis dan pengambilan keputusan berbasis data di bidang Sistem Informasi,TeluSurabaya.xlsx
Probabilitas dan Statistik,CLO 2-Sub CLO-03,"Mampu memahami dan menerapkan konsep distribusi probabilitas univariate, distribusi probabilitas diskrit dan konnu, serta menganalisis distribusi normal dan implikasi Teorema Limit Pusat dalam pemodelan dan pengambilan keputusan berbasis data di bidang Sistem Informasi",TeluSurabaya.xlsx
Proteksi Aset Informasi,CLO01a,Memahami pengetahuan keamanan informasi,ITS_SI_BRIN.xlsx
Proteksi Aset Informasi,CLO01b,Mengemukakan metode proteksi fisik dan teknikal aset informasi,ITS_SI_BRIN.xlsx
Proteksi Aset Informasi,CLO01c,Menganalisis dan menerapkan perencanaan security,ITS_SI_BRIN.xlsx
Proyek Perangkat Lunak,CLO 1-2,Mahasiswa mampu menjelaskan hubungan antara perangkat lunak dan teknik-teknik yang digunakan untuk mengembangkannya.,TeluSurabaya.xlsx
Proyek Perangkat Lunak,CLO 1-3,Mahasiswa mampu menjelaskan aktivitas utama dalam melakukan rekayasa kebutuhan dalam pengembangan PL,TeluSurabaya.xlsx
Proyek Perangkat Lunak,CLO 1-5,Mahasiswa mampu menjelaskan konsep Implmentasi PL.,TeluSurabaya.xlsx
Proyek Perangkat Lunak,CLO 1-7,Mahasiswa mampu menjelaskan filosofi munculnya Agile dalam konteks rekayasa perangkat lunak.,TeluSurabaya.xlsx
Proyek Perangkat Lunak,CLO 2-1,Mahasiswa mampu menjelaskan pengelolaan project berbasis agile dengan menggunakan SCRUM Framework.,TeluSurabaya.xlsx
Proyek Perangkat Lunak,CLO 2-2,"Mahasiswa mampu menjelaskan karakteristik, proses, aktivitas dan artifak yang terdapat pada Framework SCRUM.",TeluSurabaya.xlsx
Proyek Perangkat Lunak,CLO 2-3,Mahasiswa mampu menjelaskan konsep product envisioning.,TeluSurabaya.xlsx
Proyek Perangkat Lunak,CLO 2-7,Mahasiswa mampu menjelaskan proses dan teknologi dalam pengelolaan kolaborasi tim secara virtual.,TeluSurabaya.xlsx
Proyek Perangkat Lunak,CLO 2-9,Mahasiswa mampu melakukan estimasi terhadap product backlog item yang akan diimplementasikan.,TeluSurabaya.xlsx
Proyek Perangkat Lunak,CLO 3-1,Mahasiswa mampu memanfaatkan collaboration tools dan berkolaborasi dalam menghasilkan produk perangkat lunak berdasarkan rencana Sprint yang telah disusun.,TeluSurabaya.xlsx
Proyek Perangkat Lunak,CLO 3-2,Mahasiswa mampu menjelaskan proses dan teknologi dalam pengelolaan kolaborasi tim secara virtual.,TeluSurabaya.xlsx
Proyek Perangkat Lunak,CLO 3-3,Mahasiswa mampu merumuskan langkah-langkah dalam SPRINT-1,TeluSurabaya.xlsx
Proyek Perangkat Lunak,CLO 3-5,Mahasiswa mampu merumuskan langkah-langkah dalam SPRINT-2,TeluSurabaya.xlsx
Proyek Perangkat Lunak,CLO 4-2,Mahasiswa mampu menjalankan seluruh aktivitas yang telah dirumuskan dan terdapat pada rumusan proses SPRINT - 3,TeluSurabaya.xlsx
Proyek Perangkat Lunak,CLO 4-4,Mahasiswa mampu menjalankan seluruh aktivitas yang telah dirumuskan dan terdapat pada rumusan proses SPRINT - 4,TeluSurabaya.xlsx
Proyek Perangkat Lunak,CLO-1,[PLO01-CLO04] Mampu menganalisis permasalahan dalam bidang infokom dalam konteks enterprise atau masyarakat,Dataset_CLO_OBE_SI_TelUJakarta.xlsx
Proyek Perangkat Lunak,CLO-1,"[PLO-1] [PLO1] Mampu menganalisis permasalahan infokom yang komplek, mendefinisikan, dan memodelkan kebutuhan dalam konteks enterprise atau masyarakat dengan menerapkan ilmu dan pengetahuan dalam bidang komputasi, teknologi informasi dan komunikasi, dan disiplin lain yang relevan",Dataset_CLO_OBE_SI_TelUJakarta.xlsx
Proyek Perangkat Lunak,CLO-1,[CLO-1][PLO01-CLO04] Mampu menganalisis permasalahan dalam bidang infokom dalam konteks enterprise atau masyarakat,Dataset_CLO_OBE_SI_TelUJakarta.xlsx
Proyek Perangkat Lunak,CLO-2,[PLO02-CLO04] Mampu mengevaluasi solusi berbasis sistem informasi dengan menggunakan metode yang tepat,Dataset_CLO_OBE_SI_TelUJakarta.xlsx
Proyek Perangkat Lunak,CLO-3,[PLO03-CLO01] Mampu berinisiaf dan bertanggungjawab untuk menyelesaikan berbagai tugas dalam m,Dataset_CLO_OBE_SI_TelUJakarta.xlsx
Proyek Perangkat Lunak,CLO-3,"[PLO-3] [PLO3] Mampu untuk bekerja secara kolaboraf, proakf, dan bertanggungjawab dalam m untuk mencapai tujuan bersama dalam berbagai kontek profesional",Dataset_CLO_OBE_SI_TelUJakarta.xlsx
Proyek Perangkat Lunak,CLO-4,[PLO-5] [PLO5] Mampu berkomunikasi secara efekf baik lisan maupun tulisan dalam berbagai konteks profesional,Dataset_CLO_OBE_SI_TelUJakarta.xlsx
Proyek Perangkat Lunak,CLO-5,M [PLO08-CLO03] Mampu menggunakan metode atau perangkat lunak tertentu dalam keilmuan sistem informasi dalam konteks penelian atau proyek nyata,Dataset_CLO_OBE_SI_TelUJakarta.xlsx
Rekayasa Kebutuhan Perangkat Lunak,CLO01a,Memahami definisi dan pentingnya rekayasa kebutuhan perangkat lunak,ITS_SI_BRIN.xlsx
Rekayasa Kebutuhan Perangkat Lunak,CLO01b,"Memahami konsep, model, dan peran dalam proses rekayasa kebutuhan",ITS_SI_BRIN.xlsx
Rekayasa Kebutuhan Perangkat Lunak,CLO01c,Memahami konsep elisitasi dan teknik penggalian kebutuhan,ITS_SI_BRIN.xlsx
Rekayasa Kebutuhan Perangkat Lunak,CLO01d,"Memahami teknik analisis, validasi, dan dokumentasi kebutuhan (SKPL/SRS)",ITS_SI_BRIN.xlsx
Rekayasa Kebutuhan Perangkat Lunak,CLO01e,Memahami fenomena perubahan kebutuhan perangkat lunak yang dinamis,ITS_SI_BRIN.xlsx
Rekayasa Proses Bisnis,CLO-1,[PLO01-CLO04] Mampu menganalisis permasalahan dalam bidang infokom dalam konteks enterprise atau masyarakat.,Dataset_CLO_OBE_SI_TelUJakarta.xlsx
Rekayasa Proses Bisnis,CLO-1,"[PLO-1] [PLO1] Mampu menganalisis permasalahan infokom yang komplek, mendefinisikan, dan memodelkan kebutuhan dalam konteks enterprise atau masyarakat dengan menerapkan ilmu dan pengetahuan dalam bidang komputasi, teknologi informasi dan komunikasi, dan disiplin lain yang relevan",Dataset_CLO_OBE_SI_TelUJakarta.xlsx
Rekayasa Proses Bisnis,CLO-1,[CLO-1][PLO01-CLO04] Mampu menganalisis permasalahan dalam bidang infokom dalam konteks enterprise atau masyarakat.,Dataset_CLO_OBE_SI_TelUJakarta.xlsx
Rekayasa Proses Bisnis,CLO-2,[PLO-5] [PLO5] Mampu berkomunikasi secara efekf baik lisan maupun tulisan dalam berbagai konteks profesional,Dataset_CLO_OBE_SI_TelUJakarta.xlsx
Rekayasa Proses Bisnis,CLO-3,"[PLO08-CLO05] Mampu menggunakan teknik, metode, perangkat lunak terkini untuk menghasilkan solusi di bidang pengelolaan fungsi dan bisnis organisasi dalam konteks kasus nyata.",Dataset_CLO_OBE_SI_TelUJakarta.xlsx
Rekayasa Proses Bisnis,CLO-4,[PLO09-CLO06] Mampu mengusulkan perbaikan arsitektur atau pengelolaan sistem informasi untuk mendukung tujuan organisasi.,Dataset_CLO_OBE_SI_TelUJakarta.xlsx
Rekayasa Proses Bisnis,CLO-4,"[PLO-9] [LPLO9] Mampu mendukung penyelenggaraan, Epenggunaan, pengelolaan, evaluasi, dan peningkatan Sistem Informasi untuk mencapai tujuan dan sasaran strategi bisnis dari organisasi.",Dataset_CLO_OBE_SI_TelUJakarta.xlsx
Rekayasa Proses Bisnis,CLO-4,K [CLO-4][PLO09-CLO06] Mampu mengusulkan perbaikan arsitektur atau pengelolaan sistem informasi untuk mendukung tujuan organisasi.,Dataset_CLO_OBE_SI_TelUJakarta.xlsx
Riset Operasi,CLO01a,Mendefinisikan dan memodelkan permasalahan optimasi,ITS_SI_BRIN.xlsx
Riset Operasi,CLO01b,Menyelesaikan model dengan metode grafis maupun simpleks,ITS_SI_BRIN.xlsx
Riset Operasi,CLO01c,Menemukan informasi tambahan dari solusi optimal (analisa post optimal/sensitivitas),ITS_SI_BRIN.xlsx
Riset Operasi,CLO01d,Menyelesaikan model pemrograman integer,ITS_SI_BRIN.xlsx
Riset Operasi,CLO01e,"Menyelesaikan model khusus (transportasi, penugasan)",ITS_SI_BRIN.xlsx
SI Capstone,CLO01a,Mempraktikkan manajemen proyek tangkas,ITS_SI_BRIN.xlsx
SI Capstone,CLO01b,Mempraktikkan perencanaan dan pengembangan perangkat lunak,ITS_SI_BRIN.xlsx
SI Capstone,CLO01c,Mengimplementasikan pembelajaran berbasis proyek di lingkungan,ITS_SI_BRIN.xlsx
SI Capstone,CLO01d,Mendemonstrasikan hasil implementasi proyek,ITS_SI_BRIN.xlsx
Sistem Basis Data,CLO 1-1,Mampu mengidentifikasi kebutuhan sistem informasi dalam konteks enterprise atau masyarakat,TeluSurabaya.xlsx
Sistem Basis Data,CLO 1-1,Mampu mengidentifikasi kebutuhan sistem informasi,TeluSurabaya.xlsx
Sistem Basis Data,CLO 2-2,Mampu merancang dan mengimplementasikan sistem dalam manajemen data,TeluSurabaya.xlsx
Sistem Basis Data,CLO 2-3,Mampu mengembangkan sistem untuk manajemen data,TeluSurabaya.xlsx
Sistem Basis Data,CLO 3-4,Mampu menjelaskan konsep NoSQL database untuk berbagai permasalahan,TeluSurabaya.xlsx
Sistem Basis Data,CLO 4-5,Mampu menggunakan perkakas untuk solusi data,TeluSurabaya.xlsx
Sistem Basis Data,CLO-01,PLO02-CLO01 - Mampu membuat perancangan sistem informasi untuk memenuhi kebutuhan organisasi menuju data-driven organization,Dataset_CLO_OBE_SI_TelUJakarta.xlsx
Sistem Basis Data,CLO-01,PLO08-CLO01 - Mampu menggunakan metode dan perangkat lunak terkini untuk menghasilkan solusi di bidang data dalam konteks kasus nyata,Dataset_CLO_OBE_SI_TelUJakarta.xlsx
Sistem Basis Data,CLO-03,PLO01-CLO03 - Mampu mengidentifikasi kebutuhan sistem informasi dalam konteks enterprise atau masyarakat,Dataset_CLO_OBE_SI_TelUJakarta.xlsx
Sistem Basis Data,CLO-08,PLO01-CLO08 - Mampu memahami konsep dasar bidang infokom yang digunakan dalam lingkup disiplin ilmu sistem informasi,Dataset_CLO_OBE_SI_TelUJakarta.xlsx
Sistem Basis Data,CLO01a,Memahami tahapan daur hidup pengembangan sistem basis data dan arsitekturnya,ITS_SI_BRIN.xlsx
Sistem Basis Data,CLO01b,Mendesain basis data konseptual menggunakan pemodelan data tingkat tinggi,ITS_SI_BRIN.xlsx
Sistem Basis Data,CLO01c,Mendesain basis data logikal menggunakan model data relasional,ITS_SI_BRIN.xlsx
Sistem Basis Data,CLO01d,"Menspesifikasikan definisi, query, dan manipulasi data relasional",ITS_SI_BRIN.xlsx
Sistem Basis Data,CLO01e,Memahami metodologi desain basis data fisik dan implementasinya,ITS_SI_BRIN.xlsx
Sistem Data-Intensif,CLO01a,Memahami Metrik dari sistem data-intensif,ITS_SI_BRIN.xlsx
Sistem Data-Intensif,CLO01b,Mendemonstrasikan Komponen sistem data-intensif,ITS_SI_BRIN.xlsx
Sistem Data-Intensif,CLO01c,Merancang dan Membangun sistem berbasis polygot persistance,ITS_SI_BRIN.xlsx
Sistem Enterprise,CLO 1-Sub-CLO02,"Mampu mengutarakan proses bisnis pada fungsi sales dan distribusi, produksi, pada perusahaan",TeluSurabaya.xlsx
Sistem Enterprise,CLO 1-Sub-CLO04,Mampu Menggunakan Software ERP pada tahap awal dan sertifikasi,TeluSurabaya.xlsx
Sistem Enterprise,CLO 2-Sub-CLO01,Mampu membedakan serta menjelaskan berbagai fungsi konsep integrasi sistem dan hubungannya dengan ERP bisnisserta sistem informasi yang mendukung proses bisnis,TeluSurabaya.xlsx
Sistem Enterprise,CLO 2-Sub-CLO01,Mampu membedakan serta menjelaskan berbagai fungsi konsep integrasi sistem dan hubungannya dengan ERP bisnis serta sistem informasi yang mendukung proses bisnis,TeluSurabaya.xlsx
Sistem Enterprise,CLO 2-Sub-CLO03,"Mampu mengemukakan proses akutansi dan keuangan, serta human resources pada perusahaan",TeluSurabaya.xlsx
Sistem Enterprise,CLO 2-Sub-CLO05,Mampu mengidentifikasi fungsi dan proses bisnis yang berjalan pada sebuah perusahaan serta pemanfaatan sistem enterprise dalam membantu aktifitas organisasi,TeluSurabaya.xlsx
Sistem Enterprise,CLO-1,[PLO-9] CLO-1 Mampu memahami prinsip dan fungsi manajemen Sistem Informasi untuk mendukung strategi bisnis,Dataset_CLO_OBE_SI_TelUJakarta.xlsx
Sistem Enterprise,CLO-2,"[PLO-8] CLO-2 Mampu menggunakan teknik, metode, perangkat lunak, atau kakas terkini untuk menghasilkan solusi di bidang sistem informasi dalam konteks kasus nyata",Dataset_CLO_OBE_SI_TelUJakarta.xlsx
Sistem Enterprise,CLO01a,Memahami konsep dan aspek-aspek dasar dalam sistem enterprise,ITS_SI_BRIN.xlsx
Sistem Enterprise,CLO01b,"Menjabarkan proses bisnis ERP, siklus hidupnya, dan integrasi CRM/SCM",ITS_SI_BRIN.xlsx
Sistem Enterprise,CLO01c,Merencanakan integrasi proses bisnis dengan open source ERP,ITS_SI_BRIN.xlsx
Sistem Enterprise,CLO01d,Mempraktikkan integrasi proses bisnis dengan ERP proprietary,ITS_SI_BRIN.xlsx
Sistem Informasi Akuntansi,CLO-02,Mampu menganalisis prinsip dan fungsi manajemen Sistem Informasi untuk mendukung strategi bisnis,Dataset_CLO_OBE_SI_TelUJakarta.xlsx
Sistem Informasi Akuntansi,CLO-05,Mampu memodelkan kebutuhan infokom dalam konteks enterprise atau masyarakat,Dataset_CLO_OBE_SI_TelUJakarta.xlsx
Sistem Informasi Akuntansi,CLO-06,Mampu menggunakan kakas dalam pengelolaan sistem informasi perusahaan berbasis ERP,Dataset_CLO_OBE_SI_TelUJakarta.xlsx
Sistem Informasi Akuntansi,CLO-08,Mampu memahami konsep dasar bidang infokom yang digunakan dalam lingkup disiplin ilmu sistem informasi,Dataset_CLO_OBE_SI_TelUJakarta.xlsx
Sistem Keputusan Berbasis Model,CLO01,"Memahami konsep sistem, model, dan simulasi",ITS_SI_BRIN.xlsx
Sistem Keputusan Berbasis Model,CLO02,Memahami faktor dan lingkungan pengambilan keputusan,ITS_SI_BRIN.xlsx
Sistem Keputusan Berbasis Model,CLO03,Mengembangkan model simulasi system dynamics,ITS_SI_BRIN.xlsx
Sistem Keputusan Berbasis Model,CLO04,Mengembangkan skenario model prediksi dan analisis sensitivitas,ITS_SI_BRIN.xlsx
Sistem Keputusan Berbasis Model,CLO05,Menganalisis sistem keputusan berbasis model,ITS_SI_BRIN.xlsx
Sistem Manajemen Hubungan Pelanggan,CLO 1,"Mahasiswa Mampu menjelaskan dan menjabarkan evolusi Konvensional CRM menuju Social CRM, menjabarkan dan menentukan cara berpikir konsumen/pelanggan dalam konteks tertentu, menjabarkan dan menentukan penerapan model IDIC (Identify, Differentiate, Interact, Customize) & Trust di CRM",TeluSurabaya.xlsx
Sistem Manajemen Hubungan Pelanggan,CLO 2,Mahasiswa Mampu menganalisis dan membentuk pendapat dalam klasifikasi dan segmentasi konsumen,TeluSurabaya.xlsx
Sistem Manajemen Hubungan Pelanggan,CLO 3,Mahasiswa Mampu menjabarkan konsep dasar analytics dan data mining dan perannya dalam CRM dan Menjelaskan tool-tool yang dapat digunakan untuk analytics di CRM dan menggunakan salah satu tool CRM analytics,TeluSurabaya.xlsx
Sistem Manajemen Hubungan Pelanggan,CLO 4,Mahasiswa Mampu Merancang dan merumuskan pengukuran dan mengelola nilai pelanggan berdasarkan customer-strategy enterprise,TeluSurabaya.xlsx
Sistem Manajemen Hubungan Pelanggan,CLO 5,[CLO-5] Mampu mendesain customer-strategy enterprise,TeluSurabaya.xlsx
Sistem Operasi,CLO 1,"Mampu merancang, mengembangkan, mengimplementasikan, dan mengevaluasisolusi berbasissistem informasi untuk memenuhi kebutuhan organisasi menuju data-driven organization.",TeluSurabaya.xlsx
Sistem Operasi,CLO 2,Mampu mengimplementasikan solusi berbasis sistem informasi menggunakan metodologi pengembangan yang tepat.,TeluSurabaya.xlsx
Sistem Operasi,CLO 3,Mampu menggunakan metode tertentu dalam keilmuan sistem informasi dalam konteks penelitian atau proyek nyata.,TeluSurabaya.xlsx
Sistem Operasi,CLO 4,"Mampu menggunakan teknik, keahlian, dan perangkat dalam pengembangan aplikasi dan integrasinya dalam konteks kasus nyata.",TeluSurabaya.xlsx
Sistem Operasi,CLO-01,"Mampu merancang, mengembangkan, mengimplementasikan, dan mengevaluasi solusi berbasis sistem informasi untuk memenuhi kebutuhan organisasi menuju data-driven organization",Dataset_CLO_OBE_SI_TelUJakarta.xlsx
Sistem Operasi,CLO-02,Mampu mengimplementasikan solusi berbasis sistem informasi menggunakan metodologi pengembangan yang tepat,Dataset_CLO_OBE_SI_TelUJakarta.xlsx
Sistem Operasi,CLO-03,Mampu menggunakan metode tertentu dalam keilmuan sistem informasi dalam konteks penelitian atau proyek nyata,Dataset_CLO_OBE_SI_TelUJakarta.xlsx
Sistem Operasi,CLO-04,"Mampu menggunakan teknik, keahlian, dan perangkat dalam pengembangan aplikasi dan integrasinya dalam konteks kasus nyata",Dataset_CLO_OBE_SI_TelUJakarta.xlsx
Statistika Industri,CLO 1-Sub CLO-3,"Mahasiswa mampu membangun model statistika untuk menganalisis, memprediksi, dan mengambil keputusan pada permasalahan bidang sistem informasi",TeluSurabaya.xlsx
Statistika Industri,CLO 2-Sub CLO-01,Mahasiswa mampu melakukan proses pengumpulan data dengan menggunakan teknik sampling yang tepat,TeluSurabaya.xlsx
Statistika Industri,CLO 7-Sub CLO-2,Mahasiswa mampu melakukan pengujian hipotesis yang dimanfaatkan untuk menyelesaikan masalah,TeluSurabaya.xlsx
Tata Kelola Keamanan Informasi,CLO01a,Menjelaskan konsep tatakelola keamanan informasi,ITS_SI_BRIN.xlsx
Tata Kelola Keamanan Informasi,CLO01b,Memahami konsep manajemen resiko keamanan informasi,ITS_SI_BRIN.xlsx
Tata Kelola Keamanan Informasi,CLO01c,Memahami konsep manajemen keamanan siber,ITS_SI_BRIN.xlsx
Tata Kelola Keamanan Informasi,CLO01d,Memahami konsep dalam jaminan keamanan siber,ITS_SI_BRIN.xlsx
Tata Kelola Keamanan Informasi,CLO01e,Memahami tahapan penyusunan dokumen berbasis COBIT,ITS_SI_BRIN.xlsx
Tata Kelola dan Audit TI,CLO01a,Memahami konsep Sistem Pengendalian Internal dan Tatakelola TI,ITS_SI_BRIN.xlsx
Tata Kelola dan Audit TI,CLO01b,Memahami COBIT sebagai kerangka kerja Tatakelola TI,ITS_SI_BRIN.xlsx
Tata Kelola dan Audit TI,CLO01c,Memahami dasar-dasar audit TI,ITS_SI_BRIN.xlsx
Tata Kelola dan Audit TI,CLO01d,Memahami tahapan audit lingkungan TI,ITS_SI_BRIN.xlsx
Tata Kelola dan Managemen Teknologi Informasi,CLO 1-01,Mahasiswa mampu memahami konsep dan menjelaskan konsep tata kelola dan manajemen TI (TKMTI) berdasarkan kerangka kerja praktik yang baik di industri (COBIT 2019),TeluSurabaya.xlsx
Tata Kelola dan Managemen Teknologi Informasi,CLO 1-01,Mahasiswa mampu memahami dan menjelaskan konsep tata kelola dan manajemen TI (TKMTI) berdasarkan kerangka kerja praktik yang baik di industri (COBIT 2019),TeluSurabaya.xlsx
Tata Kelola dan Managemen Teknologi Informasi,CLO 2-02,Mampu menjelaskan detail faktor desain untuk penentuan tujuan TKMTI prioritas beserta tujuh komponen sistem TKTMI pada lima domain terkait,TeluSurabaya.xlsx
Tata Kelola dan Managemen Teknologi Informasi,CLO 3-03,Mampu menentukan lingkup tujuan TKMTI prioritas berdasarkan faktor desain serta merancang instrumen penilaian tingkat kinerja tujuh komponen sistem TKMTI prioritas terkait,TeluSurabaya.xlsx
Tata Kelola dan Managemen Teknologi Informasi,CLO 3-04,Mampu melaksanakan penilaian kesenjangan antara kondisi saat ini dengan target dan merancang solusi tujuh komponen sistem TKMTI prioritas pada suatu organisasi berdasarkan hasil penilaian kesenjangan yang dilakukan sebelumnya.,TeluSurabaya.xlsx
Tata Kelola dan Manajemen Teknologi Informasi,CLO-02,"Mampu menggunakan teknik, metode, perangkat lunak, atau kakas terkini untuk menghasilkan solusi di bidang sistem informasi dalam konteks kasus nyata",Dataset_CLO_OBE_SI_TelUJakarta.xlsx
Tata Kelola dan Manajemen Teknologi Informasi,CLO-03,Mampu menganalisis permasalahan yang kompleks dalam bidang infokom dalam konteks enterprise atau masyarakat,Dataset_CLO_OBE_SI_TelUJakarta.xlsx
Tata Kelola dan Manajemen Teknologi Informasi,CLO-04,Mampu mengevaluasi kinerja sistem informasi dan mengusulkan perbaikan untuk meningkatkan kontribusi sistem informasi terhadap tujuan bisnis organisasi.,Dataset_CLO_OBE_SI_TelUJakarta.xlsx
Teknologi Berkembang,CLO01a,Memahami pengetahuan inovasi dan teknologi yang berkembang,ITS_SI_BRIN.xlsx
Teknologi Berkembang,CLO01b,Mengemukakan teknologi-teknologi yang berkembang,ITS_SI_BRIN.xlsx
Teknologi Berkembang,CLO01c,Melaporkan hasil analisis masalah dengan solusi inovatif,ITS_SI_BRIN.xlsx
Teknologi Machine Learning,CLO01a,Memahami pengetahuan teknologi pada Machine Learning,ITS_SI_BRIN.xlsx
Teknologi Machine Learning,CLO01b,Mengemukakan teknologi pada machine learning,ITS_SI_BRIN.xlsx
Teknologi Machine Learning,CLO01c,Mempraktikkan teknologi machine learning dengan solusi inovatif,ITS_SI_BRIN.xlsx
