course_code,course_name,rank,similarity,job_id,job_title,job_company,job_source,cross_encoder_score,rerank
BBK1AAB4,Algoritma dan Pemrograman,2,0.8094,li_4432248908,Machine Learning Engineer,KTek Resourcing,linkedin,5.7598033,1
BBK1AAB4,Algoritma dan Pemrograman,4,0.8054,li_4431117643,Software Developer,IEQ Technology,linkedin,5.1479306,2
BBK1AAB4,Algoritma dan Pemrograman,6,0.8043,li_4412928692,Software Engineer 2,"Burke Porter, an Ascential Technologies Brand",linkedin,3.2976215,3
BBK1AAB4,Algoritma dan Pemrograman,10,0.8015,li_4410016324,UI/UX Designer,"Myanmar Zarla Distribution Co.,Ltd",linkedin,3.0193865,4
BBK1AAB4,Algoritma dan Pemrograman,5,0.8045,li_4363726700,Software Engineer,Oso,linkedin,2.9746451,5
BBK1AAB4,Algoritma dan Pemrograman,9,0.8033,li_4427112925,Data Analyst,Beyond Feedback,linkedin,1.9116017,6
BBK1AAB4,Algoritma dan Pemrograman,1,0.8131,li_3815119724,Software,Bay Mortgage Services,linkedin,1.6223786,7
BBK1AAB4,Algoritma dan Pemrograman,7,0.8039,li_4416579708,"Systems Software Engineer (I, II or III)",Chelan County PUD,linkedin,1.6058395,8
BBK1AAB4,Algoritma dan Pemrograman,8,0.8037,li_4424958127,Product Designer,Plot,linkedin,0.8640366,9
BBK1AAB4,Algoritma dan Pemrograman,3,0.8075,li_4429019731,AI/ML Engineer — Job Posting,Get Hire Technologies Inc.,linkedin,0.510914,10
BBK2AAB3,Analisis dan Perancangan Sistem Informasi,10,0.8108,li_4378121889,Backend Engineer - San Francisco,Plaud,linkedin,9.796808,1
BBK2AAB3,Analisis dan Perancangan Sistem Informasi,6,0.8139,li_4286968047,Software Engineer - All Levels,GlossGenius,linkedin,7.398943,2
BBK2AAB3,Analisis dan Perancangan Sistem Informasi,2,0.8167,li_4286961888,Software Engineer - All Levels,GlossGenius,linkedin,6.8730836,3
BBK2AAB3,Analisis dan Perancangan Sistem Informasi,7,0.8135,li_4388372783,"AI/ML Engineer, Software Development - Noke",Janus International,linkedin,1.3679255,4
BBK2AAB3,Analisis dan Perancangan Sistem Informasi,4,0.8151,li_4412928692,Software Engineer 2,"Burke Porter, an Ascential Technologies Brand",linkedin,0.23232251,5
BBK2AAB3,Analisis dan Perancangan Sistem Informasi,5,0.814,li_4432362563,"Software Engineer, Platform [33153]",Stealth Startup,linkedin,-0.09739065,6
BBK2AAB3,Analisis dan Perancangan Sistem Informasi,3,0.8156,li_4395572219,Staff- Software Engineer,Walmart,linkedin,-0.09897611,7
BBK2AAB3,Analisis dan Perancangan Sistem Informasi,1,0.8222,li_3815119724,Software,Bay Mortgage Services,linkedin,-0.5281797,8
BBK2AAB3,Analisis dan Perancangan Sistem Informasi,8,0.8127,li_4385647711,"Software Engineer, Developer Experience (AI)",Clay,linkedin,-0.63745606,9
BBK2AAB3,Analisis dan Perancangan Sistem Informasi,9,0.8122,li_4429019731,AI/ML Engineer — Job Posting,Get Hire Technologies Inc.,linkedin,-3.5843515,10
BBK3AAB3,Arsitektur Enterprise,10,0.8,gd_1010155381106,Healthcare & Social Assistance Specialist - Freelance AI Trainer Project,Ameridial,glassdoor,5.2033353,1
BBK3AAB3,Arsitektur Enterprise,3,0.8046,li_4372153003,Applied ML Engineer,Kognitos,linkedin,4.617873,2
BBK3AAB3,Arsitektur Enterprise,8,0.8006,li_4318518203,Applied AI Engineer,Zania,linkedin,2.9777715,3
BBK3AAB3,Arsitektur Enterprise,9,0.8002,li_4388372783,"AI/ML Engineer, Software Development - Noke",Janus International,linkedin,2.798485,4
BBK3AAB3,Arsitektur Enterprise,2,0.805,li_4363726700,Software Engineer,Oso,linkedin,2.776192,5
BBK3AAB3,Arsitektur Enterprise,7,0.8009,li_4318503546,Product Designer,"AGI, Inc.",linkedin,2.3267825,6
BBK3AAB3,Arsitektur Enterprise,4,0.8041,li_4395572219,Staff- Software Engineer,Walmart,linkedin,2.235943,7
BBK3AAB3,Arsitektur Enterprise,6,0.8013,gd_1009846201389,AI Researcher,"AGI, Inc.",glassdoor,1.7345185,8
BBK3AAB3,Arsitektur Enterprise,5,0.8035,li_4429019731,AI/ML Engineer — Job Posting,Get Hire Technologies Inc.,linkedin,1.5575585,9
BBK3AAB3,Arsitektur Enterprise,1,0.811,li_3815119724,Software,Bay Mortgage Services,linkedin,1.532321,10
BBK3BAB3,Data Warehouse dan Business Intelligence,6,0.8057,li_4432248908,Machine Learning Engineer,KTek Resourcing,linkedin,10.452357,1
BBK3BAB3,Data Warehouse dan Business Intelligence,5,0.8061,li_4385755079,Data Analyst,"Alterman, Inc.",linkedin,6.695556,2
BBK3BAB3,Data Warehouse dan Business Intelligence,10,0.8043,li_4409624638,BI Data Analyst,Motion,linkedin,6.1170373,3
BBK3BAB3,Data Warehouse dan Business Intelligence,7,0.8057,li_4427131470,Software Developer,Nightwing,linkedin,4.7820544,4
BBK3BAB3,Data Warehouse dan Business Intelligence,3,0.8097,li_4436961499,Data Analyst,Premier Technology Inc.,linkedin,4.672833,5
BBK3BAB3,Data Warehouse dan Business Intelligence,2,0.8125,li_4429019731,AI/ML Engineer — Job Posting,Get Hire Technologies Inc.,linkedin,3.6563292,6
BBK3BAB3,Data Warehouse dan Business Intelligence,4,0.8075,li_4427112925,Data Analyst,Beyond Feedback,linkedin,2.7708857,7
BBK3BAB3,Data Warehouse dan Business Intelligence,8,0.8056,li_4395572219,Staff- Software Engineer,Walmart,linkedin,2.313115,8
BBK3BAB3,Data Warehouse dan Business Intelligence,1,0.8183,li_3815119724,Software,Bay Mortgage Services,linkedin,1.9382157,9
BBK3BAB3,Data Warehouse dan Business Intelligence,9,0.8045,li_3686416246,Epicor Software Programmer,"Patriot Machine, Inc.",linkedin,1.6796267,10
BBK2HAB3,Integrasi Aplikasi Enterprise,1,0.8043,li_4378121889,Backend Engineer - San Francisco,Plaud,linkedin,9.359184,1
BBK2HAB3,Integrasi Aplikasi Enterprise,6,0.7994,li_4304860885,Future Opportunities- Software Engineering,Epirus,linkedin,4.411532,2
BBK2HAB3,Integrasi Aplikasi Enterprise,7,0.7982,li_4395572219,Staff- Software Engineer,Walmart,linkedin,1.3930019,3
BBK2HAB3,Integrasi Aplikasi Enterprise,9,0.797,li_4363726700,Software Engineer,Oso,linkedin,0.5453182,4
BBK2HAB3,Integrasi Aplikasi Enterprise,10,0.7967,li_4371060491,Software Engineer,Heidi,linkedin,-0.22576076,5
BBK2HAB3,Integrasi Aplikasi Enterprise,5,0.8001,li_4416579708,"Systems Software Engineer (I, II or III)",Chelan County PUD,linkedin,-0.40581226,6
BBK2HAB3,Integrasi Aplikasi Enterprise,4,0.8006,li_4385647711,"Software Engineer, Developer Experience (AI)",Clay,linkedin,-0.9760115,7
BBK2HAB3,Integrasi Aplikasi Enterprise,8,0.7974,li_4412928692,Software Engineer 2,"Burke Porter, an Ascential Technologies Brand",linkedin,-1.3930259,8
BBK2HAB3,Integrasi Aplikasi Enterprise,2,0.8036,li_3815119724,Software,Bay Mortgage Services,linkedin,-1.8299248,9
BBK2HAB3,Integrasi Aplikasi Enterprise,3,0.8015,li_4429019731,AI/ML Engineer — Job Posting,Get Hire Technologies Inc.,linkedin,-4.3575983,10
BBK1GAB3,Jaringan Komputer,5,0.7898,gd_1010188559101,Admission Specialist PRN,Innovative Network of Knowledge (INK),glassdoor,6.1212635,1
BBK1GAB3,Jaringan Komputer,7,0.7892,li_4327166527,Computer Scientist - Mid,"Bluehawk LLC, Intelligence Services",linkedin,5.28948,2
BBK1GAB3,Jaringan Komputer,2,0.7939,li_4432248908,Machine Learning Engineer,KTek Resourcing,linkedin,4.654823,3
BBK1GAB3,Jaringan Komputer,3,0.7924,li_4363726700,Software Engineer,Oso,linkedin,3.5353222,4
BBK1GAB3,Jaringan Komputer,6,0.7896,li_4403509120,Software Engineer,KIHOMAC,linkedin,2.6025598,5
BBK1GAB3,Jaringan Komputer,8,0.7874,li_4416579708,"Systems Software Engineer (I, II or III)",Chelan County PUD,linkedin,1.6394398,6
BBK1GAB3,Jaringan Komputer,10,0.7862,gd_1010146211292,Certificate Processor,"Higginbotham Insurance Agency, Inc.",glassdoor,1.234734,7
BBK1GAB3,Jaringan Komputer,9,0.7869,gd_1010011121137,Researcher (Contract),Civitech,glassdoor,1.0685439,8
BBK1GAB3,Jaringan Komputer,1,0.7976,li_3815119724,Software,Bay Mortgage Services,linkedin,0.85799056,9
BBK1GAB3,Jaringan Komputer,4,0.7909,li_4429019731,AI/ML Engineer — Job Posting,Get Hire Technologies Inc.,linkedin,-0.2408499,10
BBK2IAB3,Keamanan Sistem Informasi,4,0.8,li_4431117643,Software Developer,IEQ Technology,linkedin,4.767258,1
BBK2IAB3,Keamanan Sistem Informasi,2,0.8097,li_4432248908,Machine Learning Engineer,KTek Resourcing,linkedin,3.654521,2
BBK2IAB3,Keamanan Sistem Informasi,7,0.7995,li_4363726700,Software Engineer,Oso,linkedin,3.0071006,3
BBK2IAB3,Keamanan Sistem Informasi,5,0.7999,li_4403509120,Software Engineer,KIHOMAC,linkedin,2.6109369,4
BBK2IAB3,Keamanan Sistem Informasi,1,0.8138,li_3815119724,Software,Bay Mortgage Services,linkedin,1.8769697,5
BBK2IAB3,Keamanan Sistem Informasi,10,0.799,li_4395572219,Staff- Software Engineer,Walmart,linkedin,1.3826888,6
BBK2IAB3,Keamanan Sistem Informasi,3,0.8013,li_4429019731,AI/ML Engineer — Job Posting,Get Hire Technologies Inc.,linkedin,1.3484122,7
BBK2IAB3,Keamanan Sistem Informasi,9,0.7992,li_4416579708,"Systems Software Engineer (I, II or III)",Chelan County PUD,linkedin,1.2161616,8
BBK2IAB3,Keamanan Sistem Informasi,6,0.7998,gd_1010011121137,Researcher (Contract),Civitech,glassdoor,1.031424,9
BBK2IAB3,Keamanan Sistem Informasi,8,0.7992,li_4427868416,Software Engineer-EN,CAE,linkedin,0.9325227,10
BBK2JAB3,Manajemen Proyek Sistem Informasi,2,0.813,li_4432248908,Machine Learning Engineer,KTek Resourcing,linkedin,10.238967,1
BBK2JAB3,Manajemen Proyek Sistem Informasi,6,0.8062,li_4419558780,"Software Engineer (Backend), Content Foundations","Scribd, Inc.",linkedin,2.812865,2
BBK2JAB3,Manajemen Proyek Sistem Informasi,7,0.8062,li_4419575653,"Software Engineer (Backend), Content Foundations","Scribd, Inc.",linkedin,2.812865,3
BBK2JAB3,Manajemen Proyek Sistem Informasi,8,0.8062,li_4419568698,"Software Engineer (Backend), Content Foundations","Scribd, Inc.",linkedin,2.812865,4
BBK2JAB3,Manajemen Proyek Sistem Informasi,9,0.8062,li_4419576589,"Software Engineer (Backend), Content Foundations","Scribd, Inc.",linkedin,2.812865,5
BBK2JAB3,Manajemen Proyek Sistem Informasi,10,0.8062,li_4419576591,"Software Engineer (Backend), Content Foundations","Scribd, Inc.",linkedin,2.812865,6
BBK2JAB3,Manajemen Proyek Sistem Informasi,1,0.8166,li_3815119724,Software,Bay Mortgage Services,linkedin,0.15813541,7
BBK2JAB3,Manajemen Proyek Sistem Informasi,3,0.8112,li_4427868416,Software Engineer-EN,CAE,linkedin,-0.046643768,8
BBK2JAB3,Manajemen Proyek Sistem Informasi,4,0.8099,li_4395572219,Staff- Software Engineer,Walmart,linkedin,-0.09461133,9
BBK2JAB3,Manajemen Proyek Sistem Informasi,5,0.8081,li_4429019731,AI/ML Engineer — Job Posting,Get Hire Technologies Inc.,linkedin,-2.0707583,10
BBK1JAB3,Pemrograman Berorientasi Objek,2,0.8099,li_4411850674,Software Engineer - Backend (Cleared),Swoop Technologies,linkedin,0.47812444,1
BBK1JAB3,Pemrograman Berorientasi Objek,3,0.8095,li_4431117643,Software Developer,IEQ Technology,linkedin,0.44323748,2
BBK1JAB3,Pemrograman Berorientasi Objek,6,0.8061,li_4434676109,Software Engineer,Thazen,linkedin,-0.50195074,3
BBK1JAB3,Pemrograman Berorientasi Objek,4,0.8081,gd_1010155379786,Java Coding Specialist - Freelance AI Trainer Project,Ameridial,glassdoor,-0.68910986,4
BBK1JAB3,Pemrograman Berorientasi Objek,10,0.8051,li_4422780169,Programmer Analyst 23-18,City of Santa Fe Springs,linkedin,-1.5726576,5
BBK1JAB3,Pemrograman Berorientasi Objek,7,0.806,li_4432248908,Machine Learning Engineer,KTek Resourcing,linkedin,-1.7788603,6
BBK1JAB3,Pemrograman Berorientasi Objek,9,0.8054,li_4431506499,Software Developer,MarathonSoft LLC,linkedin,-1.8776975,7
BBK1JAB3,Pemrograman Berorientasi Objek,8,0.8058,li_4427868416,Software Engineer-EN,CAE,linkedin,-2.246331,8
BBK1JAB3,Pemrograman Berorientasi Objek,1,0.822,li_3815119724,Software,Bay Mortgage Services,linkedin,-3.415573,9
BBK1JAB3,Pemrograman Berorientasi Objek,5,0.8074,li_4429019731,AI/ML Engineer — Job Posting,Get Hire Technologies Inc.,linkedin,-5.2994556,10
BBK2LAB3,Penambangan Data,7,0.8052,li_4372153003,Applied ML Engineer,Kognitos,linkedin,3.6622455,1
BBK2LAB3,Penambangan Data,9,0.8046,li_4432488212,Machine Learning Engineer,Harrison Clarke,linkedin,3.581171,2
BBK2LAB3,Penambangan Data,10,0.8037,li_4346417366,Machine Learning Engineer,Happy Elements,linkedin,3.3454168,3
BBK2LAB3,Penambangan Data,4,0.8086,li_4436961499,Data Analyst,Premier Technology Inc.,linkedin,1.7390046,4
BBK2LAB3,Penambangan Data,5,0.8084,li_4388372783,"AI/ML Engineer, Software Development - Noke",Janus International,linkedin,0.37070373,5
BBK2LAB3,Penambangan Data,1,0.8174,li_4432248908,Machine Learning Engineer,KTek Resourcing,linkedin,-0.2895127,6
BBK2LAB3,Penambangan Data,6,0.8078,li_4424958127,Product Designer,Plot,linkedin,-0.4601023,7
BBK2LAB3,Penambangan Data,3,0.8128,li_4429019731,AI/ML Engineer — Job Posting,Get Hire Technologies Inc.,linkedin,-0.8274021,8
BBK2LAB3,Penambangan Data,8,0.8048,li_4395572219,Staff- Software Engineer,Walmart,linkedin,-1.0649598,9
BBK2LAB3,Penambangan Data,2,0.8141,li_3815119724,Software,Bay Mortgage Services,linkedin,-1.3255837,10
BBK1DAB3,Pengantar Sistem Informasi,1,0.7982,li_4429019731,AI/ML Engineer — Job Posting,Get Hire Technologies Inc.,linkedin,3.7048256,1
BBK1DAB3,Pengantar Sistem Informasi,8,0.7886,li_4422384759,Machine Learning Operations Engineer,Sintela,linkedin,3.6229703,2
BBK1DAB3,Pengantar Sistem Informasi,10,0.7881,gd_1010155379526,Computer & Information Systems Specialist - Freelance AI Trainer Project,Ameridial,glassdoor,3.5193076,3
BBK1DAB3,Pengantar Sistem Informasi,3,0.7939,li_4428620717,Systems Engineer,AISIN World Corp. of America,linkedin,3.3528512,4
BBK1DAB3,Pengantar Sistem Informasi,5,0.7914,gd_1010011121137,Researcher (Contract),Civitech,glassdoor,2.4375556,5
BBK1DAB3,Pengantar Sistem Informasi,7,0.7887,li_4325154188,Software Engineer (Remote),Keye (YC F24),linkedin,2.3439538,6
BBK1DAB3,Pengantar Sistem Informasi,6,0.7894,li_4436961499,Data Analyst,Premier Technology Inc.,linkedin,2.1116185,7
BBK1DAB3,Pengantar Sistem Informasi,2,0.7981,li_3815119724,Software,Bay Mortgage Services,linkedin,2.0677006,8
BBK1DAB3,Pengantar Sistem Informasi,9,0.7883,li_4409624638,BI Data Analyst,Motion,linkedin,2.046325,9
BBK1DAB3,Pengantar Sistem Informasi,4,0.7922,li_4409724477,Business Intelligence Analyst,Liebherr USA,linkedin,2.0206478,10
BBK2DAB3,Pengembangan Aplikasi Website,2,0.8134,li_4378121889,Backend Engineer - San Francisco,Plaud,linkedin,7.199613,1
BBK2DAB3,Pengembangan Aplikasi Website,4,0.8074,li_4431117643,Software Developer,IEQ Technology,linkedin,3.1632755,2
BBK2DAB3,Pengembangan Aplikasi Website,6,0.8047,li_4348953287,Backend Software Engineer,Twenty,linkedin,2.0878093,3
BBK2DAB3,Pengembangan Aplikasi Website,10,0.8033,li_4434302637,Front-End Developer,Bario Gifts,linkedin,0.7362308,4
BBK2DAB3,Pengembangan Aplikasi Website,3,0.8106,li_4435216514,Back-end Software Development Engineer,FastTek Global,linkedin,0.63746333,5
BBK2DAB3,Pengembangan Aplikasi Website,1,0.8144,li_4434016802,Back End Developer,Cooler Master USA,linkedin,-0.44572896,6
BBK2DAB3,Pengembangan Aplikasi Website,8,0.8034,li_4339359236,"Software Engineer, Backend",Clay,linkedin,-0.6654502,7
BBK2DAB3,Pengembangan Aplikasi Website,9,0.8034,li_4338267967,"Software Engineer, Backend",Clay,linkedin,-0.6654502,8
BBK2DAB3,Pengembangan Aplikasi Website,7,0.8035,li_4323760824,"Software Engineer, Backend",Clay,linkedin,-0.7370514,9
BBK2DAB3,Pengembangan Aplikasi Website,5,0.8069,li_3815119724,Software,Bay Mortgage Services,linkedin,-2.0212054,10
BBK4EBB3,Pengembangan Sistem Cerdas,2,0.8231,li_4378121889,Backend Engineer - San Francisco,Plaud,linkedin,9.486612,1
BBK4EBB3,Pengembangan Sistem Cerdas,5,0.8194,li_4286968047,Software Engineer - All Levels,GlossGenius,linkedin,6.85866,2
BBK4EBB3,Pengembangan Sistem Cerdas,8,0.8186,li_4286961888,Software Engineer - All Levels,GlossGenius,linkedin,6.3993936,3
BBK4EBB3,Pengembangan Sistem Cerdas,7,0.8188,li_4432488212,Machine Learning Engineer,Harrison Clarke,linkedin,4.462061,4
BBK4EBB3,Pengembangan Sistem Cerdas,1,0.8283,li_4372153003,Applied ML Engineer,Kognitos,linkedin,3.2568378,5
BBK4EBB3,Pengembangan Sistem Cerdas,10,0.8182,li_4431885618,AI & ML Engineer,Booz Allen Hamilton,linkedin,3.2369747,6
BBK4EBB3,Pengembangan Sistem Cerdas,3,0.823,li_4427066903,AI/ML Engineer,Booz Allen Hamilton,linkedin,3.05219,7
BBK4EBB3,Pengembangan Sistem Cerdas,6,0.819,li_4380008807,Software Engineer II (Maritime),Torch.AI,linkedin,1.7776501,8
BBK4EBB3,Pengembangan Sistem Cerdas,9,0.8185,li_4411827298,"Machine Learning Engineer II, CNN Digital Products and Services",CNN,linkedin,-0.8809921,9
BBK4EBB3,Pengembangan Sistem Cerdas,4,0.8198,li_4395572219,Staff- Software Engineer,Walmart,linkedin,-1.4771758,10
BBK2EAB3,Perancangan Interaksi,1,0.8394,li_4408112041,"UI/UX Designer, Lion Holdings",Valuetainment,linkedin,6.7435594,1
BBK2EAB3,Perancangan Interaksi,3,0.8308,li_4418939171,UI/UX Designer,Futurex,linkedin,6.0570626,2
BBK2EAB3,Perancangan Interaksi,6,0.8267,li_4422657926,"User Experience Product Design, Specialist",Vanguard,linkedin,5.925324,3
BBK2EAB3,Perancangan Interaksi,10,0.823,li_4430647472,"UX/UI Designer, User Experience Team",Ayotek Teknoloji,linkedin,3.7161477,4
BBK2EAB3,Perancangan Interaksi,4,0.8291,li_4431725005,UX Designer,MDAEdge,linkedin,3.507106,5
BBK2EAB3,Perancangan Interaksi,8,0.8255,li_4290752432,UI/UX Designer,"Steampunk, Inc.",linkedin,2.877482,6
BBK2EAB3,Perancangan Interaksi,9,0.8248,li_4258088601,UI-UX Designer,True Helix,linkedin,2.7749305,7
BBK2EAB3,Perancangan Interaksi,5,0.8272,li_4410016324,UI/UX Designer,"Myanmar Zarla Distribution Co.,Ltd",linkedin,2.6638849,8
BBK2EAB3,Perancangan Interaksi,2,0.8321,li_4433193265,UX Designer,Scale.jobs,linkedin,1.9684575,9
BBK2EAB3,Perancangan Interaksi,7,0.8261,li_4394705072,Experience Designer,TEK Connexion,linkedin,1.956099,10
BBK3EAB3,Proyek Perangkat Lunak,5,0.812,li_4378121889,Backend Engineer - San Francisco,Plaud,linkedin,9.535312,1
BBK3EAB3,Proyek Perangkat Lunak,4,0.813,li_4286968047,Software Engineer - All Levels,GlossGenius,linkedin,6.7756925,2
BBK3EAB3,Proyek Perangkat Lunak,8,0.8073,li_4432248908,Machine Learning Engineer,KTek Resourcing,linkedin,6.77212,3
BBK3EAB3,Proyek Perangkat Lunak,6,0.8104,li_4286961888,Software Engineer - All Levels,GlossGenius,linkedin,6.2070217,4
BBK3EAB3,Proyek Perangkat Lunak,3,0.8136,li_4412928692,Software Engineer 2,"Burke Porter, an Ascential Technologies Brand",linkedin,-0.09032835,5
BBK3EAB3,Proyek Perangkat Lunak,7,0.8089,li_4063256091,Software Engineer,Medplum,linkedin,-1.0545056,6
BBK3EAB3,Proyek Perangkat Lunak,9,0.8071,li_4430606731,Mid-Level Software Engineer,Arcfield,linkedin,-1.3178473,7
BBK3EAB3,Proyek Perangkat Lunak,10,0.8063,li_4435249402,SENIOR SOFTWARE ENGINEER - Payroll & AI,The Home Depot,linkedin,-1.4953077,8
BBK3EAB3,Proyek Perangkat Lunak,2,0.8139,li_4395572219,Staff- Software Engineer,Walmart,linkedin,-1.7389774,9
BBK3EAB3,Proyek Perangkat Lunak,1,0.8146,li_3815119724,Software,Bay Mortgage Services,linkedin,-1.7882459,10
BBK2NAB3,Rekayasa Proses Bisnis,6,0.8045,li_4378121889,Backend Engineer - San Francisco,Plaud,linkedin,9.5461235,1
BBK2NAB3,Rekayasa Proses Bisnis,5,0.805,li_4286968047,Software Engineer - All Levels,GlossGenius,linkedin,6.889576,2
BBK2NAB3,Rekayasa Proses Bisnis,7,0.8038,li_4286961888,Software Engineer - All Levels,GlossGenius,linkedin,6.3436003,3
BBK2NAB3,Rekayasa Proses Bisnis,4,0.8053,li_4372153003,Applied ML Engineer,Kognitos,linkedin,2.751361,4
BBK2NAB3,Rekayasa Proses Bisnis,10,0.799,gd_1010109391172,AI Tutor - Tagalog,x.ai,glassdoor,0.38452584,5
BBK2NAB3,Rekayasa Proses Bisnis,9,0.7998,li_4388372783,"AI/ML Engineer, Software Development - Noke",Janus International,linkedin,0.30287263,6
BBK2NAB3,Rekayasa Proses Bisnis,8,0.801,li_4385647711,"Software Engineer, Developer Experience (AI)",Clay,linkedin,-1.4542364,7
BBK2NAB3,Rekayasa Proses Bisnis,2,0.8086,li_3815119724,Software,Bay Mortgage Services,linkedin,-1.8060055,8
BBK2NAB3,Rekayasa Proses Bisnis,3,0.8055,li_4395572219,Staff- Software Engineer,Walmart,linkedin,-2.1353786,9
BBK2NAB3,Rekayasa Proses Bisnis,1,0.8089,li_4429019731,AI/ML Engineer — Job Posting,Get Hire Technologies Inc.,linkedin,-4.721049,10
BBK1LAB3,Sistem Basis Data,2,0.8079,li_4378121889,Backend Engineer - San Francisco,Plaud,linkedin,9.939878,1
BBK1LAB3,Sistem Basis Data,7,0.8036,li_4286968047,Software Engineer - All Levels,GlossGenius,linkedin,7.866986,2
BBK1LAB3,Sistem Basis Data,10,0.8032,li_4286961888,Software Engineer - All Levels,GlossGenius,linkedin,7.47983,3
BBK1LAB3,Sistem Basis Data,4,0.8042,li_4412928692,Software Engineer 2,"Burke Porter, an Ascential Technologies Brand",linkedin,1.5298208,4
BBK1LAB3,Sistem Basis Data,8,0.8035,li_4435377657,Software Engineer,Software Engineering Institute | Carnegie Mellon University,linkedin,1.4576856,5
BBK1LAB3,Sistem Basis Data,9,0.8035,li_4434389490,Software Engineer,Carnegie Mellon University,linkedin,1.4576856,6
BBK1LAB3,Sistem Basis Data,6,0.8037,li_4385647711,"Software Engineer, Developer Experience (AI)",Clay,linkedin,0.74214345,7
BBK1LAB3,Sistem Basis Data,3,0.8058,li_4424958127,Product Designer,Plot,linkedin,0.2011233,8
BBK1LAB3,Sistem Basis Data,1,0.8111,li_3815119724,Software,Bay Mortgage Services,linkedin,-0.42705497,9
BBK1LAB3,Sistem Basis Data,5,0.8037,li_4429019731,AI/ML Engineer — Job Posting,Get Hire Technologies Inc.,linkedin,-1.7848296,10
BBK1EAB3,Sistem Enterprise,8,0.789,li_4378121889,Backend Engineer - San Francisco,Plaud,linkedin,8.535858,1
BBK1EAB3,Sistem Enterprise,10,0.7883,li_4432248908,Machine Learning Engineer,KTek Resourcing,linkedin,1.599548,2
BBK1EAB3,Sistem Enterprise,5,0.7918,li_4380008807,Software Engineer II (Maritime),Torch.AI,linkedin,0.38441485,3
BBK1EAB3,Sistem Enterprise,7,0.7906,li_4223656536,Software Engineer,ReturnPro,linkedin,-0.5516415,4
BBK1EAB3,Sistem Enterprise,4,0.792,li_4363726700,Software Engineer,Oso,linkedin,-0.984865,5
BBK1EAB3,Sistem Enterprise,6,0.7913,gd_1010181109261,Informaticist 2,CenterWell Senior Primary Care,glassdoor,-2.2099855,6
BBK1EAB3,Sistem Enterprise,2,0.7984,li_4412928692,Software Engineer 2,"Burke Porter, an Ascential Technologies Brand",linkedin,-2.4616387,7
BBK1EAB3,Sistem Enterprise,9,0.7888,li_4395572219,Staff- Software Engineer,Walmart,linkedin,-2.8695338,8
BBK1EAB3,Sistem Enterprise,1,0.8013,li_3815119724,Software,Bay Mortgage Services,linkedin,-3.6837516,9
BBK1EAB3,Sistem Enterprise,3,0.7975,li_4429019731,AI/ML Engineer — Job Posting,Get Hire Technologies Inc.,linkedin,-5.7743344,10
BBK3FAB3,Sistem Informasi Akuntansi,10,0.7932,li_4375997156,Data Analyst,Chubb,linkedin,2.952477,1
BBK3FAB3,Sistem Informasi Akuntansi,6,0.795,li_4415682876,Business Analyst,Tata Consultancy Services,linkedin,2.5074651,2
BBK3FAB3,Sistem Informasi Akuntansi,7,0.795,li_4418860602,Business Analyst,Tata Consultancy Services,linkedin,2.5074651,3
BBK3FAB3,Sistem Informasi Akuntansi,8,0.7935,li_4411864449,ES Application Developer II,University of Houston,linkedin,2.4565105,4
BBK3FAB3,Sistem Informasi Akuntansi,5,0.7957,li_4430803025,Technical Data Analyst,Clearwater Analytics,linkedin,1.8695552,5
BBK3FAB3,Sistem Informasi Akuntansi,4,0.7959,li_4436961499,Data Analyst,Premier Technology Inc.,linkedin,1.5654851,6
BBK3FAB3,Sistem Informasi Akuntansi,2,0.7989,li_4428505624,Business Systems Analyst,CACI International Inc,linkedin,1.4077525,7
BBK3FAB3,Sistem Informasi Akuntansi,3,0.7989,li_4429019731,AI/ML Engineer — Job Posting,Get Hire Technologies Inc.,linkedin,-0.14858079,8
BBK3FAB3,Sistem Informasi Akuntansi,1,0.8024,li_3815119724,Software,Bay Mortgage Services,linkedin,-0.79803926,9
BBK3FAB3,Sistem Informasi Akuntansi,9,0.7933,li_4427868416,Software Engineer-EN,CAE,linkedin,-1.023253,10
BBK2FAB3,Sistem Operasi,9,0.796,li_4422384759,Machine Learning Operations Engineer,Sintela,linkedin,8.630588,1
BBK2FAB3,Sistem Operasi,10,0.7957,li_4431117643,Software Developer,IEQ Technology,linkedin,7.0571365,2
BBK2FAB3,Sistem Operasi,4,0.7998,li_4434676109,Software Engineer,Thazen,linkedin,5.7239676,3
BBK2FAB3,Sistem Operasi,5,0.7993,li_4436961499,Data Analyst,Premier Technology Inc.,linkedin,3.139007,4
BBK2FAB3,Sistem Operasi,8,0.796,li_4409724477,Business Intelligence Analyst,Liebherr USA,linkedin,2.442828,5
BBK2FAB3,Sistem Operasi,6,0.7983,li_4403509120,Software Engineer,KIHOMAC,linkedin,2.3594851,6
BBK2FAB3,Sistem Operasi,3,0.8005,li_4395572219,Staff- Software Engineer,Walmart,linkedin,2.279219,7
BBK2FAB3,Sistem Operasi,7,0.7975,li_4435216514,Back-end Software Development Engineer,FastTek Global,linkedin,2.2112772,8
BBK2FAB3,Sistem Operasi,1,0.8122,li_3815119724,Software,Bay Mortgage Services,linkedin,0.8764855,9
BBK2FAB3,Sistem Operasi,2,0.803,li_4429019731,AI/ML Engineer — Job Posting,Get Hire Technologies Inc.,linkedin,0.6109931,10
BBK3IAB3,Tata Kelola dan Manajemen Teknologi Informasi,10,0.7977,li_4375997156,Data Analyst,Chubb,linkedin,2.0168123,1
BBK3IAB3,Tata Kelola dan Manajemen Teknologi Informasi,5,0.8003,li_4427645315,"IT Data Analyst | SQL, Power BI & Business Intelligence","Hillyard, Inc.",linkedin,1.7217321,2
BBK3IAB3,Tata Kelola dan Manajemen Teknologi Informasi,6,0.7992,li_4385755079,Data Analyst,"Alterman, Inc.",linkedin,1.0325792,3
BBK3IAB3,Tata Kelola dan Manajemen Teknologi Informasi,2,0.8013,li_4428505624,Business Systems Analyst,CACI International Inc,linkedin,0.8539215,4
BBK3IAB3,Tata Kelola dan Manajemen Teknologi Informasi,3,0.8013,li_4436961499,Data Analyst,Premier Technology Inc.,linkedin,0.3628586,5
BBK3IAB3,Tata Kelola dan Manajemen Teknologi Informasi,9,0.7979,gd_1010155379526,Computer & Information Systems Specialist - Freelance AI Trainer Project,Ameridial,glassdoor,-1.3672239,6
BBK3IAB3,Tata Kelola dan Manajemen Teknologi Informasi,8,0.7982,gd_1010011121137,Researcher (Contract),Civitech,glassdoor,-2.3404064,7
BBK3IAB3,Tata Kelola dan Manajemen Teknologi Informasi,1,0.8078,li_3815119724,Software,Bay Mortgage Services,linkedin,-2.4552958,8
BBK3IAB3,Tata Kelola dan Manajemen Teknologi Informasi,7,0.7987,li_4428620717,Systems Engineer,AISIN World Corp. of America,linkedin,-3.0360656,9
BBK3IAB3,Tata Kelola dan Manajemen Teknologi Informasi,4,0.8009,li_4429019731,AI/ML Engineer — Job Posting,Get Hire Technologies Inc.,linkedin,-4.809521,10
